phase,n,method,status,resource_type,content_type,bytes,body_file,url,post_data
0_warmup,2,GET,200,script,text/javascript,153673,002_www_browser.js_70961e.txt,https://www.bayut.eg/.humbucker/clients/browser.js?v=1&client=strat-bayut-eg-production,
0_warmup,3,GET,200,script,text/javascript,3496,003_www_6437.26894b0afc8c0667.js_dd2248.txt,https://www.bayut.eg/assets/6437.26894b0afc8c0667.js,
0_warmup,4,GET,200,script,text/javascript,3668,004_www_5026.6a80b2304baf0929.js_ebbb0d.txt,https://www.bayut.eg/assets/5026.6a80b2304baf0929.js,
0_warmup,5,GET,200,script,text/javascript,9594,005_www_8698.1ca249419bd90b50.js_635b06.txt,https://www.bayut.eg/assets/8698.1ca249419bd90b50.js,
0_warmup,9,GET,200,script,text/javascript,7308,009_www_8634.5e0a704ba81a47bd.js_49a7d3.txt,https://www.bayut.eg/assets/8634.5e0a704ba81a47bd.js,
0_warmup,12,GET,200,script,text/javascript,10554,012_www_4804.016d4fa268d58506.js_55c485.txt,https://www.bayut.eg/assets/4804.016d4fa268d58506.js,
0_warmup,12,GET,200,script,text/javascript,11377,012_www_2069.932bbbd93ebabd13.js_010bd9.txt,https://www.bayut.eg/assets/2069.932bbbd93ebabd13.js,
0_warmup,12,GET,200,script,text/javascript,18525,012_www_3855.a4f4d2be2379dcfd.js_82c070.txt,https://www.bayut.eg/assets/3855.a4f4d2be2379dcfd.js,
0_warmup,12,GET,200,script,text/javascript,11274,012_www_2326.9d7a9f9b8c0a9147.js_f4c3ef.txt,https://www.bayut.eg/assets/2326.9d7a9f9b8c0a9147.js,
0_warmup,15,GET,200,script,text/javascript,8104,015_www_truBrokerBannerHomePage.67d6ec4113277234.js_e8e5b6.txt,https://www.bayut.eg/assets/truBrokerBannerHomePage.67d6ec4113277234.js,
0_warmup,15,GET,200,script,text/javascript,13982,015_www_1931.e3a0c0fe60fb4b86.js_f5ed9a.txt,https://www.bayut.eg/assets/1931.e3a0c0fe60fb4b86.js,
0_warmup,15,GET,200,script,text/javascript,14879,015_www_329.2722ebebfd2e9f0a.js_4d9a7f.txt,https://www.bayut.eg/assets/329.2722ebebfd2e9f0a.js,
0_warmup,15,GET,200,script,text/javascript,16591,015_www_534.f342e653df720e4d.js_499db7.txt,https://www.bayut.eg/assets/534.f342e653df720e4d.js,
0_warmup,15,GET,200,script,text/javascript,16895,015_www_390.cd09de289729c53e.js_4fb225.txt,https://www.bayut.eg/assets/390.cd09de289729c53e.js,
0_warmup,25,GET,200,document,text/html,1007507,025_www_root_fe09a6.txt,https://www.bayut.eg/,
0_warmup,26,GET,200,script,text/javascript,54707,026_www_9052.5013986f8d85a59d.js_6f2a8e.txt,https://www.bayut.eg/assets/9052.5013986f8d85a59d.js,
0_warmup,26,GET,200,script,text/javascript,35236,026_www_8632.d705f909a758e3f0.js_7a225f.txt,https://www.bayut.eg/assets/8632.d705f909a758e3f0.js,
0_warmup,26,GET,200,script,text/javascript,38146,026_www_301.f8ebaaac5b64ace0.js_648302.txt,https://www.bayut.eg/assets/301.f8ebaaac5b64ace0.js,
0_warmup,27,GET,200,script,text/javascript,38775,027_www_3675.ebca8567a5614063.js_3ce9f9.txt,https://www.bayut.eg/assets/3675.ebca8567a5614063.js,
0_warmup,27,GET,200,script,text/javascript,7838,027_www_mediaCardsDesktop.ef9e051aee2c68d3.js_a8125a.txt,https://www.bayut.eg/assets/mediaCardsDesktop.ef9e051aee2c68d3.js,
0_warmup,27,GET,200,script,text/javascript,5557,027_www_recentBlogPosts.3a13f8cde2592e96.js_1371a7.txt,https://www.bayut.eg/assets/recentBlogPosts.3a13f8cde2592e96.js,
0_warmup,27,GET,200,script,text/javascript,85187,027_www_4938.bb44bf2427dccaf0.js_108625.txt,https://www.bayut.eg/assets/4938.bb44bf2427dccaf0.js,
0_warmup,27,GET,200,script,text/javascript,7306,027_www_agency.192f5881f0b9e8cb.js_533d1a.txt,https://www.bayut.eg/assets/agency.192f5881f0b9e8cb.js,
0_warmup,28,GET,200,script,text/javascript,231378,028_www_main.messages.b614a2b5e0aec0d045c61749c4688b23476d8b7e.js_99047d.txt,https://www.bayut.eg/assets/locale/en/main.messages.b614a2b5e0aec0d045c61749c4688b23476d8b7e.js,
0_warmup,28,GET,200,script,text/javascript,62992,028_www_popularPropertyDesktop.8735ef140cc78826.js_34e66d.txt,https://www.bayut.eg/assets/popularPropertyDesktop.8735ef140cc78826.js,
0_warmup,29,GET,200,script,text/javascript,148699,029_www_framework.0d42a846a6278137.js_e0e1fc.txt,https://www.bayut.eg/assets/framework.0d42a846a6278137.js,
0_warmup,29,GET,200,script,text/javascript,208880,029_www_main.messages.b614a2b5e0aec0d045c61749c4688b23476d8b7e.js_75d305.txt,https://www.bayut.eg/assets/locale/ar/main.messages.b614a2b5e0aec0d045c61749c4688b23476d8b7e.js,
0_warmup,29,GET,200,script,text/javascript,471913,,https://www.bayut.eg/assets/8382.acc5c1f2d3526bd4.js,
0_warmup,29,GET,200,script,text/javascript,2373480,,https://www.bayut.eg/assets/main.desktop.ab48ac7620d442c2.js,
0_warmup,31,GET,200,script,text/javascript,307108,031_www_8936.ef41244b9a7ebab6.js_b03824.txt,https://www.bayut.eg/assets/8936.ef41244b9a7ebab6.js,
0_warmup,31,GET,200,script,text/javascript,6993,031_www_date-fns-ar.ea9f3ab228707b9c.js_88f2a6.txt,https://www.bayut.eg/assets/date-fns-ar.ea9f3ab228707b9c.js,
0_warmup,32,GET,200,xhr,image/svg+xml,0,,https://www.bayut.eg/assets/iconLanguageSwitcher_noinline.16adc0c82dca4bab.svg,
0_warmup,33,GET,200,script,application/javascript,386769,033_cdn_moe_webSdk.min.latest.js_bef0be.txt,https://cdn.moengage.com/release/dc_1/versions/2/moe_webSdk.min.latest.js,
0_warmup,34,GET,200,script,application/javascript,665338,,https://www.bayut.eg/metrics/?id=GTM-5C6LD95&l=dataLayer,
0_warmup,35,POST,200,fetch,application/json,3616,035_www_search_445038.json,https://www.bayut.eg/api/truBroker/search,"{""page"":1,""sortBy"":""random"",""language"":""ar"",""hitsPerPage"":4,""isTruBroker"":""1"",""userLanguages"":null,""agentExternalID"":null,""category"":""total"",""purpose"":null,""locationsWithAds"":[],""completionStatus"":null,""propertyTypes"":null,""rankingField"":""top_combo_trubroker_first_ranking"",""rankingInterval"":{""min"":1,""max"":null},""xpField"":""combo_xp_frontend"",""xpRange"":null,""activeInEmirate"":""""}"
0_warmup,36,GET,200,script,application/javascript,5043,036_s_core.js_db1f1e.txt,https://s.pinimg.com/ct/core.js,
0_warmup,37,GET,200,script,application/javascript,596081,,https://www.bayut.eg/metrics/SI3K6bRXyN5S9zhIqie2PIdLEwq_QCdFdYpwVkuWaW196F9V,
0_warmup,43,GET,200,script,application/javascript,484644,,https://www.bayut.eg/metrics/SI2S9LRV5pck8Ts8wyXCXvsqDF_yTXZFcYYgCFmUKzgq7JC26AC_X1U,
0_warmup,43,GET,200,script,application/javascript,138912,043_s_main.e47a302d.js_0c6a2a.txt,https://s.pinimg.com/ct/lib/main.e47a302d.js,
0_warmup,43,GET,200,script,application/javascript,4910,043_tags_bvcCsOvOmDY5XLuGvxDt.js_cb10ce.txt,https://tags.creativecdn.com/bvcCsOvOmDY5XLuGvxDt.js,
0_warmup,43,GET,200,script,application/javascript,59319,043_sc-static_scevent.min.js_7a9fc2.txt,https://sc-static.net/scevent.min.js,
0_warmup,44,POST,200,fetch,application/json,37684,044_ll8iz711cs-dsn_queries_1c94a6.json,https://ll8iz711cs-dsn.algolia.net/1/indexes/*/queries?x-algolia-agent=strat-bayut-eg-prod-fec%2Fb614a2b5&x-algolia-api-key=07de0a8209b2f3cd921152dfe39310a9&x-algolia-application-id=LL8IZ711CS,"{""requests"":[{""indexName"":""bayut-eg-production-agencies-ar"",""params"":""page=0&hitsPerPage=24&query=&optionalWords=&facets=%5B%5D&maxValuesPerFacet=10&attributesToHighlight=%5B%5D&attributesToRetrieve=%5B%22id%22%2C%22name%22%2C%22externalID%22%2C%22logo%22%2C%22agentsCount%22%2C%22branchesCount%22%2C%22locations%22%2C%22slug%22%2C%22stats%22%2C%22phoneNumber%22%2C%22isFeatured%22%5D&filters=isFeatured%3Atrue%20AND%20(type%3A%22agency%22)&numericFilters=stats.adsCount%3E%3D1""}]}"
0_warmup,44,GET,200,script,application/javascript,56861,044_snap_insight.min.js_8b6988.txt,https://snap.licdn.com/li.lms-analytics/insight.min.js,
0_warmup,44,POST,200,fetch,application/json,10396,044_ll8iz711cs-dsn_queries_1c94a6.json,https://ll8iz711cs-dsn.algolia.net/1/indexes/*/queries?x-algolia-agent=strat-bayut-eg-prod-fec%2Fb614a2b5&x-algolia-api-key=07de0a8209b2f3cd921152dfe39310a9&x-algolia-application-id=LL8IZ711CS,"{""requests"":[{""indexName"":""bayut-eg-production-agents-ar"",""params"":""page=0&hitsPerPage=4&query=&optionalWords=&facets=%5B%5D&maxValuesPerFacet=100&attributesToHighlight=%5B%5D&attributesToRetrieve=%5B%22*%22%5D&filters=(externalID%3A%2200000000-71b2-801f-8000-024213371337%22%20OR%20externalID%3A%222156730d-75d4-4972-b07e-d48145a8d7fa%22%20OR%20externalID%3A%2200000000-62bf-801f-8000-024213371337%22%20OR%20externalID%3A%2200000000-8239-801f-8000-024213371337%22)&numericFilters=""}]}"
0_warmup,45,GET,200,script,application/javascript,8975,045_analytics_events.js_5689ff.txt,https://analytics.tiktok.com/i18n/pixel/events.js?sdkid=CJ923JJC77U6MVP8AB9G&lib=ttq,
0_warmup,46,GET,200,script,application/javascript,53632,046_snap_insight.old.min.js_46616b.txt,https://snap.licdn.com/li.lms-analytics/insight.old.min.js,
0_warmup,47,GET,200,xhr,application/json,398,047_ct_root_e9e284.json,https://ct.pinterest.com/user/?tid=2613155939643&pd=%7B%22np%22%3A%22gtm%22%2C%22gtm_version%22%3A%22legacy%22%2C%22pin_unauth%22%3A%22dWlkPVpXTXdNbVkwWTJRdE9UTmxNeTAwTkdZNUxXRTRZelF0WVRGa1pHTXhNbUk1WTJFMQ%22%7D&cb=1787412774721&dep=2%2CPAGE_LOAD,
0_warmup,48,GET,200,script,application/javascript,497435,,https://analytics.tiktok.com/i18n/pixel/static/main.MTgxMDg1OGQ1MQ.js,
0_warmup,49,GET,200,script,application/javascript,208,049_tr_7f73296d-ab4a-4807-85d0-3010ef7124b5.js_088fb2.txt,https://tr.snapchat.com/config/eg/7f73296d-ab4a-4807-85d0-3010ef7124b5.js?v=3.60.0-2608111919,
0_warmup,50,GET,200,script,application/javascript,155566,050_analytics_identify_ea043f1c.js_43aa89.txt,https://analytics.tiktok.com/i18n/pixel/static/identify_ea043f1c.js,
0_warmup,51,POST,200,ping,,0,,https://tr6.snapchat.com/p,"{""ctx"":{""bt"":""1d53c387"",""c1"":""68332c25-50d9-4da7-9bdf-4a72ea74c994"",""lc"":""265a6013-6507-456f-b68b-a9d6187a3d27"",""ls"":""fd4b6e0e-e424-480d-82ff-c6326a9fd45e"",""r"":""0554c5ac-2104-4180-ab8f-7973cd0b03cb"",""si"":""wQ9oMywlUNmvpyXfSnLqdMmUJMtTao5ABWr3vvTK_UtuDuQkAA08_8Yyap_UXrnTlUMSm4Eqd9l5N-KyrpHVjLu0Kus5ONvZaUquStXpl10BFSZaYBNlB29v_Iup1hh6PSfi4pdrJ9jWugVUxawhBIyA5Y95c80LA8vB7Pz09Ts"",""ss"":""e2b2ae91-d58c-4cb4-84eb-3938dbd9694a"",""bg"":false,""df"":true,""mtp"":0,""sh"":900,""sw"":1440,""ua"":""Mozilla/5.0 (Windows NT 10.0; Win64; x64) AppleWebKit/537.36 (KHTML, like Gecko) Chrome/151.0.0.0 Safari/537.36"",""url"":""https://www.bayut.eg/"",""v"":""3.60.0-2608111919"",""a"":[12,174,175,175,1],""p"":[788,1275,592,0,2653],""pv"":2,""rd"":3266,""sa"":1787412774759,""sps"":613,""ts"":1787412775373,""d_a"":""x86"",""d_bvs"":""[,{\""brand\"":\""Not=A?Brand\"",\""version\"":\""99.0.0.0\""}{\""brand\"":\""Google Chrome\"",\""version\"":\""151.0.7922.173\""}{\""brand\"":\""Chromium\"",\""version\"":\""151.0.7922.173\""}]"",""d_ot"":""Windows"",""d_os"":""10.0.0"",""huah"":true},""req"":[{""i"":{""pids"":[""7f73296d-ab4a-4807-85d0-3010ef7124b5""]},""del"":16}],""u_scsid"":""e2b2ae91-d58c-4cb4-84eb-3938dbd9694a""}"
0_warmup,52,GET,200,xhr,application/json,2,052_px_attribution_trigger_17c59e.json,https://px.ads.linkedin.com/attribution_trigger?pid=5908977&time=1787412775097&url=https%3A%2F%2Fwww.bayut.eg%2F,
0_warmup,53,POST,200,ping,,0,,https://tr.snapchat.com/p,"{""ctx"":{""bt"":""1d53c387"",""c1"":""68332c25-50d9-4da7-9bdf-4a72ea74c994"",""lc"":""265a6013-6507-456f-b68b-a9d6187a3d27"",""ls"":""fd4b6e0e-e424-480d-82ff-c6326a9fd45e"",""r"":""fac13846-46be-48f2-8f70-44f89ec77386"",""si"":""wQ9oMywlUNmvpyXfSnLqdMmUJMtTao5ABWr3vvTK_UtuDuQkAA08_8Yyap_UXrnTlUMSm4Eqd9l5N-KyrpHVjLu0Kus5ONvZaUquStXpl10BFSZaYBNlB29v_Iup1hh6PSfi4pdrJ9hqdfrBOEZGvvXyunBE-J7Hc4a2WW-eG74"",""ss"":""e2b2ae91-d58c-4cb4-84eb-3938dbd9694a"",""bg"":false,""df"":true,""mtp"":0,""sh"":900,""sw"":1440,""ua"":""Mozilla/5.0 (Windows NT 10.0; Win64; x64) AppleWebKit/537.36 (KHTML, like Gecko) Chrome/151.0.0.0 Safari/537.36"",""url"":""https://www.bayut.eg/"",""v"":""3.60.0-2608111919"",""a"":[12,174,175,175,1],""p"":[788,1275,592,0,2653],""pv"":2,""rd"":3467,""sa"":1787412774759,""sps"":814,""ts"":1787412775574,""d_a"":""x86"",""d_bvs"":""[,{\""brand\"":\""Not=A?Brand\"",\""version\"":\""99.0.0.0\""}{\""brand\"":\""Google Chrome\"",\""version\"":\""151.0.7922.173\""}{\""brand\"":\""Chromium\"",\""version\"":\""151.0.7922.173\""}]"",""d_ot"":""Windows"",""d_os"":""10.0.0"",""huah"":true},""req"":[{""log"":{""name"":""TPFA"",""message"":""event_type"",""pids"":[""7f73296d-ab4a-4807-85d0-3010ef7124b5""],""stack"":""    at Nt (https://sc-static.net/scevent.min.js:2:6415)\n    at pa (https://sc-static.net/scevent.min.js:2:35167)\n    at ka (https://sc-static.net/scevent.min.js:2:37879)\n    at https://sc-static.net/scevent.min.js:2:39341\n    at https://sc-static.net/scevent.min.js:2:4817\n    at y (https://sc-static.net/scevent.min.js:2:2806)\n    at s (https://sc-static.net/scevent.min.js:2:4794)\n    at y (https://sc-static.net/scevent.min.js:2:2806)\n    at c.send (https://sc-static.net/scevent.min.js:2:5102)\n    at y (https://sc-static.net/scevent.min.js:2:2806)\n    at https://sc-static.net/scevent.min.js:2:17696\n    at o (https://www.bayut.eg/assets/8936.ef41244b9a7ebab6.js:2:4883)""},""del"":217},{""md"":{""md"":[{""tagProtocol"":3,""tagData"":{""og:title"":""المنصة العقارية الرائدة في مصر | بيوت مصر""}},{""tagProtocol"":3,""tagData"":{""og:description"":""ابحث عن عقارات للبيع أو للإيجار على موقع بيوت ، منص"
0_warmup,54,POST,204,fetch,,0,,https://px.ads.linkedin.com/wa/?medium=fetch&fmt=g,H4sIAAAAAAAACj2QwU7CMBzGX2X5nzth0NmtNw5KlngwsnAxxnRbB41bmWsXQ5CDRozhQUS8GA4cfJP2bcxEPP6+L/nly7eASmQK6LUfdoOQkBsEKq1Fpce8VmImgfa7AQItSg7UIwHBXo8Q38chgmxWMiGBQsLmjT7hE0DQ1AVQmGpdKdrpHIsOIKjYhMdCFxwomI19sSv7avZm67Rgvu2z2ZidXR+DndmYd/Nlto59smvHrsze7JxHx3zYtX0zn38JIHjgiRKaj8REsuKK3zdc6SgDCsTz0z72AreXhLkbesRzuwwnbnqa9zOe456HMSAQKq6ZVAXTPAOas0JxBIU4ZwcLtDAUTOoDlEKlQBdQqWSkmeZAXbxsLRdC3vEskoOq+tdMeQlUNkWBQP3ui+dVe8DlYHh2O45GUQzLH4W9+P2DAQAA
0_warmup,55,POST,200,fetch,application/json,150,055_ams_v2_882f74.json,https://ams.creativecdn.com/tags/v2?type=json,"{""v"":""v0.2.1"",""sr"":"""",""su"":""https://www.bayut.eg/"",""th"":""bvcCsOvOmDY5XLuGvxDt"",""tags"":[{""eventType"":""home""},{""eventType"":""custom"",""name"":""language"",""value"":""ar""},{""eventType"":""uid"",""id"":""1513591719.1787411506"",""expiryDate"":""2027-08-22T15:32:54.748Z""},{""eventType"":""lid"",""id"":""RXzMzsTREv8NP2VSBwGN"",""expiryDate"":""2027-08-22T15:32:54.749Z""}]}"
0_warmup,56,POST,200,ping,,0,,https://analytics.tiktok.com/api/v2/pixel,"{""event"":""Pageview"",""event_id"":"""",""message_id"":""messageId-1787412775331-1837636516263-CJ923JJC77U6MVP8AB9G"",""is_onsite"":false,""timestamp"":""2026-08-22T15:32:55.331Z"",""context"":{""ad"":{""sdk_env"":""external"",""jsb_status"":2},""device"":{""platform"":""pc""},""user"":{""anonymous_id"":""01M0N0FV89SBHQATGHAT1ETJ5T_.tt.1""},""pixel"":{""code"":""CJ923JJC77U6MVP8AB9G"",""runtime"":""1""},""page"":{""url"":""https://www.bayut.eg/"",""referrer"":"""",""load_progress"":""1""},""library"":{""name"":""pixel.js"",""version"":""2.2.1""},""session_id"":""bf0917de-9e3e-11f1-a94d-2eefbdba528d::d3kbsKdedMjMg3s832FE-CJ923JJC77U6MVP8AB9G"",""pageview_id"":""bf0917de-9e3e-11f1-a94d-2eefbdba528d-_Z_9u.0.0::bf0905e5-9e3e-11f1-a94d-2eefbdba528d-CJ923JJC77U6MVP8AB9G"",""variation_id"":""traffic_1,traffic_4::default"",""csid"":""1787411557647::EyUS07Bt3-2kyLGTC0P8"",""page_csid"":""1787411557648::G5pmGJ5pMpxIdXtiXYIk"",""csct"":1,""userAgent"":""Mozilla/5.0 (Windows NT 10.0; Win64; x64) AppleWebKit/537.36 (KHTML, like Gecko) Chrome/151.0.0.0 Safari/537.36""},""_inspection"":{""ppf"":[{""id"":7,""d"":24800,""f"":[{""id"":19,""d"":0},{""id"":1,""d"":700},{""id"":19,""d"":0},{""id"":2,""d"":7400},{""id"":18,""d"":100},{""id"":15,""d"":1800},{""id"":7,""d"":200},{""id"":6,""d"":4500},{""id"":8,""d"":0},{""id"":9,""d"":0},{""id"":11,""d"":300},{""id"":4,""d"":8400},{""id"":22,""d"":2900},{""id"":3,""d"":11700},{""id"":19,""d"":0},{""id"":16,""d"":100},{""id"":17,""d"":0}]}],""vids"":""76627535,76869011"",""inter_id"":""1.1214459.1217680::0.0.0.0::106768.6.436""},""properties"":{""website_section"":""Buy"",""pagetype"":""home""},""signal_diagnostic_labels"":{""raw_email"":{""label"":""missing""},""raw_auto_email"":{""label"":""missing""},""raw_phone"":{""label"":""missing""},""raw_auto_phone"":{""label"":""missing""},""hashed_email"":{""label"":""missing""},""hashed_phone"":{""label"":""missing""},""raw_eb_email"":{""label"":""missing""},""raw_eb_phone"":{""label"":""missing""},""hashed_eb_email"":{""label"":""missing""},""hashed_eb_phone"":{""label"":""missing""}}}"
0_warmup,57,POST,200,ping,,0,,https://analytics-ipv6.tiktokw.us/ipv6/enrich_ipv6,"{""event"":""EnrichIpv6"",""event_id"":"""",""message_id"":""messageId-1787412775331-1837636516263-CJ923JJC77U6MVP8AB9G#source=2"",""is_onsite"":false,""timestamp"":""2026-08-22T15:32:55.331Z"",""context"":{""ad"":{""sdk_env"":""external"",""jsb_status"":2},""device"":{""platform"":""pc""},""user"":{""anonymous_id"":""01M0N0FV89SBHQATGHAT1ETJ5T_.tt.1""},""pixel"":{""code"":""CJ923JJC77U6MVP8AB9G"",""runtime"":""1""},""page"":{""url"":""https://www.bayut.eg/"",""referrer"":"""",""load_progress"":""1""},""library"":{""name"":""pixel.js"",""version"":""2.2.1""},""session_id"":""bf0917de-9e3e-11f1-a94d-2eefbdba528d::d3kbsKdedMjMg3s832FE-CJ923JJC77U6MVP8AB9G"",""pageview_id"":""bf0917de-9e3e-11f1-a94d-2eefbdba528d-_Z_9u.0.0::bf0905e5-9e3e-11f1-a94d-2eefbdba528d-CJ923JJC77U6MVP8AB9G"",""variation_id"":""traffic_1,traffic_4::default"",""csid"":""1787411557647::EyUS07Bt3-2kyLGTC0P8"",""page_csid"":""1787411557648::G5pmGJ5pMpxIdXtiXYIk"",""csct"":1,""userAgent"":""Mozilla/5.0 (Windows NT 10.0; Win64; x64) AppleWebKit/537.36 (KHTML, like Gecko) Chrome/151.0.0.0 Safari/537.36""},""_inspection"":{""ppf"":[{""id"":7,""d"":24800,""f"":[{""id"":19,""d"":0},{""id"":1,""d"":700},{""id"":19,""d"":0},{""id"":2,""d"":7400},{""id"":18,""d"":100},{""id"":15,""d"":1800},{""id"":7,""d"":200},{""id"":6,""d"":4500},{""id"":8,""d"":0},{""id"":9,""d"":0},{""id"":11,""d"":300},{""id"":4,""d"":8400},{""id"":22,""d"":2900},{""id"":3,""d"":11700},{""id"":19,""d"":0},{""id"":16,""d"":100},{""id"":17,""d"":0}]}],""vids"":""76627535,76869011"",""inter_id"":""1.1214459.1217680::0.0.0.0::106768.6.436""},""properties"":{""website_section"":""Buy"",""pagetype"":""home""},""signal_diagnostic_labels"":{""raw_email"":{""label"":""missing""},""raw_auto_email"":{""label"":""missing""},""raw_phone"":{""label"":""missing""},""raw_auto_phone"":{""label"":""missing""},""hashed_email"":{""label"":""missing""},""hashed_phone"":{""label"":""missing""},""raw_eb_email"":{""label"":""missing""},""raw_eb_phone"":{""label"":""missing""},""hashed_eb_email"":{""label"":""missing""},""hashed_eb_phone"":{""label"":""missing""}},""trigger_event"":""Pageview""}"
0_warmup,58,POST,200,ping,,0,,https://analytics.tiktok.com/api/v2/pixel/act,"{""event_id"":"""",""message_id"":""messageId-1787412775558-4916797889390"",""is_onsite"":false,""timestamp"":""2026-08-22T15:32:55.558Z"",""context"":{""ad"":{""sdk_env"":""external"",""jsb_status"":2},""device"":{""platform"":""pc""},""user"":{""anonymous_id"":""01M0N0FV89SBHQATGHAT1ETJ5T_.tt.1""},""pixel"":{""code"":""CJ923JJC77U6MVP8AB9G"",""runtime"":""1"",""codes"":""CJ923JJC77U6MVP8AB9G""},""page"":{""url"":""https://www.bayut.eg/"",""referrer"":"""",""load_progress"":""1""},""library"":{""name"":""pixel.js"",""version"":""2.2.1""},""session_id"":""bf0917de-9e3e-11f1-a94d-2eefbdba528d::d3kbsKdedMjMg3s832FE"",""pageview_id"":""bf0917de-9e3e-11f1-a94d-2eefbdba528d-_Z_9u.0.0::bf0905e5-9e3e-11f1-a94d-2eefbdba528d"",""variation_id"":""traffic_1,traffic_4::default"",""userAgent"":""Mozilla/5.0 (Windows NT 10.0; Win64; x64) AppleWebKit/537.36 (KHTML, like Gecko) Chrome/151.0.0.0 Safari/537.36"",""index"":0,""sessions"":[{""csid"":""1787411557647::EyUS07Bt3-2kyLGTC0P8"",""page_csid"":""1787411557648::G5pmGJ5pMpxIdXtiXYIk"",""csct"":1,""pixel_code"":""CJ923JJC77U6MVP8AB9G""}]},""_inspection"":{""ppf"":[{""id"":6,""d"":5800,""f"":[{""id"":25,""d"":0}]}],""vids"":""76627535,76869011"",""inter_id"":""1.1214459.1217680::0.0.0.0::106768.6.436""},""properties"":{},""signal_diagnostic_labels"":{""raw_email"":{""label"":""missing""},""raw_auto_email"":{""label"":""missing""},""raw_phone"":{""label"":""missing""},""raw_auto_phone"":{""label"":""missing""},""hashed_email"":{""label"":""missing""},""hashed_phone"":{""label"":""missing""},""raw_eb_email"":{""label"":""missing""},""raw_eb_phone"":{""label"":""missing""},""hashed_eb_email"":{""label"":""missing""},""hashed_eb_phone"":{""label"":""missing""}},""action"":""Metadata"",""auto_collected_properties"":{""page_trigger"":""PageView"",""content_data"":{""open_graph"":""{\""og:title\"":\""المنصة العقارية الرائدة في مصر | بيوت مصر\"",\""twitter:card\"":\""summary_large_image\"",\""twitter:site\"":\""@bayut\"",\""twitter:title\"":\""المنصة العقارية الرائدة في مصر | بيوت مصر\"",\""og:description\"":\""ابحث عن عقارات للبيع أو للإيجار على موقع بيوت ، منصة بيع العقارات الرائدة في مصر\"",\""twitter:description\"":\""ابحث عن عقارات للبيع أو للإيجار على موقع بيو"
0_warmup,59,GET,200,script,application/javascript,4193,059_ct_token_create.js_2d22cc.txt,https://ct.pinterest.com/static/ct/token_create.js,
0_warmup,60,GET,200,script,text/javascript,28653,060_www_keycloakAuthDialog.d8bee0018fdf17cb.js_bd52a1.txt,https://www.bayut.eg/assets/keycloakAuthDialog.d8bee0018fdf17cb.js,
0_warmup,61,GET,200,script,text/javascript,41864,061_www_phoneValidationDialog.253f6648d29f0306.js_ef5dc2.txt,https://www.bayut.eg/assets/phoneValidationDialog.253f6648d29f0306.js,
0_warmup,62,GET,200,document,text/html,565,062_ct_ct.html_9806b3.txt,https://ct.pinterest.com/ct.html,
A_search,63,GET,200,other,image/png,0,,https://www.bayut.eg/assets/favicon-32x32.199e55d52c6c29b4.png,
A_search,64,POST,200,ping,,0,,https://tr.snapchat.com/p,"{""ctx"":{""bt"":""1d53c387"",""c1"":""68332c25-50d9-4da7-9bdf-4a72ea74c994"",""lc"":""265a6013-6507-456f-b68b-a9d6187a3d27"",""ls"":""fd4b6e0e-e424-480d-82ff-c6326a9fd45e"",""r"":""68572308-ccbe-4d0e-a48c-d42a399cdd37"",""si"":""wQ9oMywlUNmvpyXfSnLqdMmUJMtTao5ABWr3vvTK_UtuDuQkAA08_8Yyap_UXrnTlUMSm4Eqd9l5N-KyrpHVjLu0Kus5ONvZaUquStXpl10BFSZaYBNlB29v_Iup1hh6PSfi4pdrJ9jVJmhXIwjMvgYO64zUKjmc3Tck71pQluY"",""ss"":""e2b2ae91-d58c-4cb4-84eb-3938dbd9694a"",""bg"":true,""df"":true,""mtp"":0,""sh"":900,""sw"":1440,""ua"":""Mozilla/5.0 (Windows NT 10.0; Win64; x64) AppleWebKit/537.36 (KHTML, like Gecko) Chrome/151.0.0.0 Safari/537.36"",""url"":""https://www.bayut.eg/"",""v"":""3.60.0-2608111919"",""a"":[12,174,175,175,1],""p"":[788,1275,592,4003,2653],""pv"":2,""rd"":4803,""sa"":1787412774759,""sps"":2150,""ts"":1787412776910,""d_a"":""x86"",""d_bvs"":""[,{\""brand\"":\""Not=A?Brand\"",\""version\"":\""99.0.0.0\""}{\""brand\"":\""Google Chrome\"",\""version\"":\""151.0.7922.173\""}{\""brand\"":\""Chromium\"",\""version\"":\""151.0.7922.173\""}]"",""d_ot"":""Windows"",""d_os"":""10.0.0"",""huah"":true},""req"":[{""md"":{""pids"":[""7f73296d-ab4a-4807-85d0-3010ef7124b5""],""psc"":2,""ms"":3},""del"":0}],""u_scsid"":""e2b2ae91-d58c-4cb4-84eb-3938dbd9694a""}"
A_search,67,GET,200,script,text/javascript,231378,067_www_main.messages.b614a2b5e0aec0d045c61749c4688b23476d8b7e.js_99047d.txt,https://www.bayut.eg/assets/locale/en/main.messages.b614a2b5e0aec0d045c61749c4688b23476d8b7e.js,
A_search,87,GET,200,script,text/javascript,153673,087_www_browser.js_70961e.txt,https://www.bayut.eg/.humbucker/clients/browser.js?v=1&client=strat-bayut-eg-production,
A_search,87,GET,404,document,text/html,880684,087_www_root_c5328c.txt,https://www.bayut.eg/ar/%D9%85%D8%AD%D8%A7%D9%81%D8%B8%D8%A9-%D8%A7%D9%84%D9%82%D8%A7%D9%87%D8%B1%D8%A9/%D8%B9%D9%82%D8%A7%D8%B1%D8%A7%D8%AA-%D9%84%D9%84%D8%A8%D9%8A%D8%B9/,
A_search,87,GET,200,script,text/javascript,208880,087_www_main.messages.b614a2b5e0aec0d045c61749c4688b23476d8b7e.js_75d305.txt,https://www.bayut.eg/assets/locale/ar/main.messages.b614a2b5e0aec0d045c61749c4688b23476d8b7e.js,
A_search,89,GET,200,script,text/javascript,16591,089_www_534.f342e653df720e4d.js_499db7.txt,https://www.bayut.eg/assets/534.f342e653df720e4d.js,
A_search,89,GET,200,script,text/javascript,16895,089_www_390.cd09de289729c53e.js_4fb225.txt,https://www.bayut.eg/assets/390.cd09de289729c53e.js,
A_search,89,GET,200,script,text/javascript,14879,089_www_329.2722ebebfd2e9f0a.js_4d9a7f.txt,https://www.bayut.eg/assets/329.2722ebebfd2e9f0a.js,
A_search,89,GET,200,script,text/javascript,38775,089_www_3675.ebca8567a5614063.js_3ce9f9.txt,https://www.bayut.eg/assets/3675.ebca8567a5614063.js,
A_search,89,GET,200,script,text/javascript,3496,089_www_6437.26894b0afc8c0667.js_dd2248.txt,https://www.bayut.eg/assets/6437.26894b0afc8c0667.js,
A_search,89,GET,200,script,text/javascript,9594,089_www_8698.1ca249419bd90b50.js_635b06.txt,https://www.bayut.eg/assets/8698.1ca249419bd90b50.js,
A_search,89,GET,200,script,text/javascript,11377,089_www_2069.932bbbd93ebabd13.js_010bd9.txt,https://www.bayut.eg/assets/2069.932bbbd93ebabd13.js,
A_search,89,GET,200,script,text/javascript,7308,089_www_8634.5e0a704ba81a47bd.js_49a7d3.txt,https://www.bayut.eg/assets/8634.5e0a704ba81a47bd.js,
A_search,89,GET,200,script,text/javascript,54707,089_www_9052.5013986f8d85a59d.js_6f2a8e.txt,https://www.bayut.eg/assets/9052.5013986f8d85a59d.js,
A_search,89,GET,200,script,text/javascript,3668,089_www_5026.6a80b2304baf0929.js_ebbb0d.txt,https://www.bayut.eg/assets/5026.6a80b2304baf0929.js,
A_search,89,GET,200,script,text/javascript,10554,089_www_4804.016d4fa268d58506.js_55c485.txt,https://www.bayut.eg/assets/4804.016d4fa268d58506.js,
A_search,89,GET,200,script,text/javascript,38146,089_www_301.f8ebaaac5b64ace0.js_648302.txt,https://www.bayut.eg/assets/301.f8ebaaac5b64ace0.js,
A_search,89,GET,200,script,text/javascript,11274,089_www_2326.9d7a9f9b8c0a9147.js_f4c3ef.txt,https://www.bayut.eg/assets/2326.9d7a9f9b8c0a9147.js,
A_search,89,GET,200,script,text/javascript,35236,089_www_8632.d705f909a758e3f0.js_7a225f.txt,https://www.bayut.eg/assets/8632.d705f909a758e3f0.js,
A_search,89,GET,200,script,text/javascript,18525,089_www_3855.a4f4d2be2379dcfd.js_82c070.txt,https://www.bayut.eg/assets/3855.a4f4d2be2379dcfd.js,
A_search,89,GET,200,script,text/javascript,13982,089_www_1931.e3a0c0fe60fb4b86.js_f5ed9a.txt,https://www.bayut.eg/assets/1931.e3a0c0fe60fb4b86.js,
A_search,89,GET,200,script,text/javascript,148699,089_www_framework.0d42a846a6278137.js_e0e1fc.txt,https://www.bayut.eg/assets/framework.0d42a846a6278137.js,
A_search,89,GET,200,script,text/javascript,85187,089_www_4938.bb44bf2427dccaf0.js_108625.txt,https://www.bayut.eg/assets/4938.bb44bf2427dccaf0.js,
A_search,89,GET,200,script,text/javascript,471913,,https://www.bayut.eg/assets/8382.acc5c1f2d3526bd4.js,
A_search,89,GET,200,script,text/javascript,114911,089_www_featured.b42466d34c27c083.js_13c29e.txt,https://www.bayut.eg/assets/featured.b42466d34c27c083.js,
A_search,89,GET,200,script,text/javascript,2373480,,https://www.bayut.eg/assets/main.desktop.ab48ac7620d442c2.js,
A_search,92,GET,200,xhr,image/svg+xml,0,,https://www.bayut.eg/assets/iconLanguageSwitcher_noinline.16adc0c82dca4bab.svg,
A_search,94,GET,200,script,text/javascript,6993,094_www_date-fns-ar.ea9f3ab228707b9c.js_88f2a6.txt,https://www.bayut.eg/assets/date-fns-ar.ea9f3ab228707b9c.js,
A_search,94,GET,200,script,text/javascript,307108,094_www_8936.ef41244b9a7ebab6.js_b03824.txt,https://www.bayut.eg/assets/8936.ef41244b9a7ebab6.js,
A_search,94,GET,200,script,application/javascript,386769,094_cdn_moe_webSdk.min.latest.js_bef0be.txt,https://cdn.moengage.com/release/dc_1/versions/2/moe_webSdk.min.latest.js,
A_search,94,GET,200,script,application/javascript,665338,,https://www.bayut.eg/metrics/?id=GTM-5C6LD95&l=dataLayer,
A_search,100,POST,200,fetch,application/json,44359,100_ll8iz711cs-dsn_queries_1c94a6.json,https://ll8iz711cs-dsn.algolia.net/1/indexes/*/queries?x-algolia-agent=strat-bayut-eg-prod-fec%2Fb614a2b5&x-algolia-api-key=07de0a8209b2f3cd921152dfe39310a9&x-algolia-application-id=LL8IZ711CS,"{""requests"":[{""indexName"":""bayut-eg-production-ads-ar"",""params"":""page=0&hitsPerPage=9&query=&optionalWords=&facets=%5B%5D&maxValuesPerFacet=100&attributesToHighlight=%5B%5D&attributesToRetrieve=%5B%22*%22%5D&filters=purpose%3A%22for-sale%22&numericFilters=""}]}"
A_search,100,GET,200,script,application/javascript,484644,,https://www.bayut.eg/metrics/SI2S9LRV5pck8Ts8wyXCXvsqDF_yTXZFcYYgCFmUKzgq7JC26AC_X1U,
A_search,100,GET,200,script,application/javascript,5043,100_s_core.js_db1f1e.txt,https://s.pinimg.com/ct/core.js,
A_search,100,GET,200,script,application/javascript,596081,,https://www.bayut.eg/metrics/SI3K6bRXyN5S9zhIqie2PIdLEwq_QCdFdYpwVkuWaW196F9V,
A_search,100,GET,200,script,application/javascript,4910,100_tags_bvcCsOvOmDY5XLuGvxDt.js_cb10ce.txt,https://tags.creativecdn.com/bvcCsOvOmDY5XLuGvxDt.js,
A_search,101,GET,200,script,application/javascript,56861,101_snap_insight.min.js_8b6988.txt,https://snap.licdn.com/li.lms-analytics/insight.min.js,
A_search,105,GET,200,script,application/javascript,386769,105_cdn_moe_webSdk.min.latest.js_3cde52.txt,https://cdn.moengage.com/release/dc_1/moe_webSdk.min.latest.js,
A_search,105,GET,200,script,application/javascript,59319,105_sc-static_scevent.min.js_7a9fc2.txt,https://sc-static.net/scevent.min.js,
A_search,105,GET,200,script,text/javascript,37929,105_www_1171.28d00995089cd707.js_3a6033.txt,https://www.bayut.eg/assets/1171.28d00995089cd707.js,
A_search,105,GET,200,script,text/javascript,5652,105_www_imageSlideShowMinimalist.4174185a79d20d12.js_5c2f4e.txt,https://www.bayut.eg/assets/imageSlideShowMinimalist.4174185a79d20d12.js,
A_search,105,GET,200,script,application/javascript,8975,105_analytics_events.js_5689ff.txt,https://analytics.tiktok.com/i18n/pixel/events.js?sdkid=CJ923JJC77U6MVP8AB9G&lib=ttq,
A_search,106,GET,200,script,application/javascript,138912,106_s_main.e47a302d.js_0c6a2a.txt,https://s.pinimg.com/ct/lib/main.e47a302d.js,
A_search,107,GET,200,script,application/javascript,53632,107_snap_insight.old.min.js_46616b.txt,https://snap.licdn.com/li.lms-analytics/insight.old.min.js,
A_search,108,POST,200,fetch,application/json,2,108_ams_v2_882f74.json,https://ams.creativecdn.com/tags/v2?type=json,"{""v"":""v0.2.1"",""sr"":"""",""su"":""https://www.bayut.eg/ar/%D9%85%D8%AD%D8%A7%D9%81%D8%B8%D8%A9-%D8%A7%D9%84%D9%82%D8%A7%D9%87%D8%B1%D8%A9/%D8%B9%D9%82%D8%A7%D8%B1%D8%A7%D8%AA-%D9%84%D9%84%D8%A8%D9%8A%D8%B9/"",""th"":""bvcCsOvOmDY5XLuGvxDt"",""tags"":[{""eventType"":""uid"",""id"":""1513591719.1787411506"",""expiryDate"":""2027-08-22T15:32:54.748Z""},{""eventType"":""lid"",""id"":""RXzMzsTREv8NP2VSBwGN"",""expiryDate"":""2027-08-22T15:32:59.258Z""}]}"
A_search,109,GET,200,script,application/javascript,497435,,https://analytics.tiktok.com/i18n/pixel/static/main.MTgxMDg1OGQ1MQ.js,
A_search,110,GET,200,script,application/javascript,155566,110_analytics_identify_ea043f1c.js_43aa89.txt,https://analytics.tiktok.com/i18n/pixel/static/identify_ea043f1c.js,
A_search,112,GET,200,xhr,application/json,398,112_ct_root_2f1e8b.json,https://ct.pinterest.com/user/?tid=2613155939643&pd=%7B%22np%22%3A%22gtm%22%2C%22gtm_version%22%3A%22legacy%22%2C%22pin_unauth%22%3A%22dWlkPVpXTXdNbVkwWTJRdE9UTmxNeTAwTkdZNUxXRTRZelF0WVRGa1pHTXhNbUk1WTJFMQ%22%7D&cb=1787412779401&dep=2%2CPAGE_LOAD,
A_search,112,GET,200,script,application/javascript,208,112_tr_7f73296d-ab4a-4807-85d0-3010ef7124b5.js_088fb2.txt,https://tr.snapchat.com/config/eg/7f73296d-ab4a-4807-85d0-3010ef7124b5.js?v=3.60.0-2608111919,
A_search,113,GET,200,document,text/html,565,113_ct_ct.html_9806b3.txt,https://ct.pinterest.com/ct.html,
A_search,115,GET,200,xhr,application/json,2,115_px_attribution_trigger_b4cdcc.json,https://px.ads.linkedin.com/attribution_trigger?pid=5908977&time=1787412779418&url=https%3A%2F%2Fwww.bayut.eg%2Far%2F%25D9%2585%25D8%25AD%25D8%25A7%25D9%2581%25D8%25B8%25D8%25A9-%25D8%25A7%25D9%2584%25D9%2582%25D8%25A7%25D9%2587%25D8%25B1%25D8%25A9%2F%25D8%25B9%25D9%2582%25D8%25A7%25D8%25B1%25D8%25A7%25D8%25AA-%25D9%2584%25D9%2584%25D8%25A8%25D9%258A%25D8%25B9%2F,
A_search,115,GET,200,script,application/javascript,4193,115_ct_token_create.js_2d22cc.txt,https://ct.pinterest.com/static/ct/token_create.js,
A_search,116,POST,204,fetch,,0,,https://px.ads.linkedin.com/wa/?medium=fetch&fmt=g,H4sIAAAAAAAAClVPW0vDMBT+K+NA31J7Wdtc3irTURARN/YiImmbbcE0jU2KjLn/Lk1xzJfDdzsf55zByNYCe8tpTCjG7whsM0jjdmKwstfAljFB4GQngCWY4CxJMaZFViBo+45LDQxqfhrdnTgAgnFQwODonLEsiv6MiA9RsKIByYMVCcqVn9gryYTviVdoeGNkfqY3CvbRZI5GntD/oavtcVmGN02Zl4jH5bwcAQLDD2IrnRLA4Ll3i30/6nbxs/CnA4JvUVvpxEYeNFev4msU1lUtMEgTmsXpUoRt3tRhUfM6bEhehILvSUpzXiRJDAik3Q5cW8WdaIHtubICgZKPfG6Biawl124mnbQNsDMYW28cdwJYmF2mliepP0Vb6dKYa81RdMD0qBQC6+/bnsz0x0u5fvjYVZtqC5dfYF4pXOEBAAA=
A_search,117,POST,200,ping,,0,,https://analytics.tiktok.com/api/v2/pixel,"{""event"":""Pageview"",""event_id"":"""",""message_id"":""messageId-1787412779636-5104668354060-CJ923JJC77U6MVP8AB9G"",""is_onsite"":false,""timestamp"":""2026-08-22T15:32:59.636Z"",""context"":{""ad"":{""sdk_env"":""external"",""jsb_status"":2},""device"":{""platform"":""pc""},""user"":{""anonymous_id"":""01M0N0FV89SBHQATGHAT1ETJ5T_.tt.1""},""pixel"":{""code"":""CJ923JJC77U6MVP8AB9G"",""runtime"":""1""},""page"":{""url"":""https://www.bayut.eg/ar/%D9%85%D8%AD%D8%A7%D9%81%D8%B8%D8%A9-%D8%A7%D9%84%D9%82%D8%A7%D9%87%D8%B1%D8%A9/%D8%B9%D9%82%D8%A7%D8%B1%D8%A7%D8%AA-%D9%84%D9%84%D8%A8%D9%8A%D8%B9/"",""referrer"":"""",""load_progress"":""1""},""library"":{""name"":""pixel.js"",""version"":""2.2.1""},""session_id"":""bf0917de-9e3e-11f1-a94d-2eefbdba528d::d3kbsKdedMjMg3s832FE-CJ923JJC77U6MVP8AB9G"",""pageview_id"":""bf0917de-9e3e-11f1-a94d-2eefbdba528d-sR4LD.1.0::c1a06a4f-9e3e-11f1-a94d-2eefbdba528d-CJ923JJC77U6MVP8AB9G"",""variation_id"":""traffic_1,traffic_4::default"",""csid"":""1787411557647::EyUS07Bt3-2kyLGTC0P8"",""page_csid"":""1787411557648::G5pmGJ5pMpxIdXtiXYIk"",""csct"":1,""userAgent"":""Mozilla/5.0 (Windows NT 10.0; Win64; x64) AppleWebKit/537.36 (KHTML, like Gecko) Chrome/151.0.0.0 Safari/537.36""},""_inspection"":{""ppf"":[{""id"":7,""d"":23800,""f"":[{""id"":19,""d"":0},{""id"":1,""d"":700},{""id"":19,""d"":100},{""id"":2,""d"":9300},{""id"":18,""d"":0},{""id"":15,""d"":2400},{""id"":7,""d"":100},{""id"":6,""d"":2500},{""id"":8,""d"":100},{""id"":9,""d"":0},{""id"":11,""d"":300},{""id"":4,""d"":5100},{""id"":22,""d"":2300},{""id"":3,""d"":8000},{""id"":19,""d"":0},{""id"":16,""d"":0},{""id"":17,""d"":0}]}],""vids"":""76627535,76869011"",""inter_id"":""1.1219263.1221986::1219236.1.1270.176::106768.6.436""},""properties"":{},""signal_diagnostic_labels"":{""raw_email"":{""label"":""missing""},""raw_auto_email"":{""label"":""missing""},""raw_phone"":{""label"":""missing""},""raw_auto_phone"":{""label"":""missing""},""hashed_email"":{""label"":""missing""},""hashed_phone"":{""label"":""missing""},""raw_eb_email"":{""label"":""missing""},""raw_eb_phone"":{""label"":""missing""},""hashed_eb_email"":{""label"":""missing""},""hashed_eb_phone"":{""label"":""missing""}}}"
A_search,118,GET,200,other,image/png,0,,https://www.bayut.eg/assets/favicon-32x32.199e55d52c6c29b4.png,
A_search,119,GET,200,script,text/javascript,28653,119_www_keycloakAuthDialog.d8bee0018fdf17cb.js_bd52a1.txt,https://www.bayut.eg/assets/keycloakAuthDialog.d8bee0018fdf17cb.js,
A_search,120,GET,200,script,text/javascript,41864,120_www_phoneValidationDialog.253f6648d29f0306.js_ef5dc2.txt,https://www.bayut.eg/assets/phoneValidationDialog.253f6648d29f0306.js,
A_search,121,GET,200,script,text/javascript,571,121_www_notificationsApprovalDialog.3e304bd430c17e08.js_d21850.txt,https://www.bayut.eg/assets/notificationsApprovalDialog.3e304bd430c17e08.js,
A_search,122,POST,200,ping,,0,,https://tr6.snapchat.com/p,"{""ctx"":{""bt"":""1d53c387"",""c1"":""68332c25-50d9-4da7-9bdf-4a72ea74c994"",""lc"":""99ca57fc-72ae-4c27-92af-0d3297666209"",""ls"":""fd4b6e0e-e424-480d-82ff-c6326a9fd45e"",""r"":""9b5a3c91-f34e-47de-9888-2d6c86efad50"",""si"":""wg9oMywlUNmvpyXfSnLqdMmUJMtTao5ABWr3v_XK_UtuDuQkAA08_8Yyap_UXrnTlUMSm4Eqd9pyt-KyrpHVjLu0Kus5ONvZaUquStXpl130IOgYR_eZylf8cq4uJ_yvDTKXZmIJVVKORFZ-s0-bWjyR807Q3tuILWyG761QV-Jj6dlz"",""ss"":""e2b2ae91-d58c-4cb4-84eb-3938dbd9694a"",""bg"":false,""df"":true,""mtp"":0,""sh"":900,""sw"":1440,""ua"":""Mozilla/5.0 (Windows NT 10.0; Win64; x64) AppleWebKit/537.36 (KHTML, like Gecko) Chrome/151.0.0.0 Safari/537.36"",""url"":""https://www.bayut.eg/ar/%D9%85%D8%AD%D8%A7%D9%81%D8%B8%D8%A9-%D8%A7%D9%84%D9%82%D8%A7%D9%87%D8%B1%D8%A9/%D8%B9%D9%82%D8%A7%D8%B1%D8%A7%D8%AA-%D9%84%D9%84%D8%A8%D9%8A%D8%B9/"",""v"":""3.60.0-2608111919"",""a"":[5,7,9,9,0],""p"":[877,1130,860,2784,2457],""pv"":2,""rd"":3068,""sa"":1787412779366,""sps"":611,""ts"":1787412779979,""d_a"":""x86"",""d_bvs"":""[,{\""brand\"":\""Not=A?Brand\"",\""version\"":\""99.0.0.0\""}{\""brand\"":\""Google Chrome\"",\""version\"":\""151.0.7922.173\""}{\""brand\"":\""Chromium\"",\""version\"":\""151.0.7922.173\""}]"",""d_ot"":""Windows"",""d_os"":""10.0.0"",""huah"":true},""req"":[{""i"":{""pids"":[""7f73296d-ab4a-4807-85d0-3010ef7124b5""]},""del"":296}],""u_scsid"":""e2b2ae91-d58c-4cb4-84eb-3938dbd9694a""}"
A_search,123,POST,200,ping,,0,,https://tr.snapchat.com/p,"{""ctx"":{""bt"":""1d53c387"",""c1"":""68332c25-50d9-4da7-9bdf-4a72ea74c994"",""lc"":""99ca57fc-72ae-4c27-92af-0d3297666209"",""ls"":""fd4b6e0e-e424-480d-82ff-c6326a9fd45e"",""r"":""afccd1b5-214e-4221-9d6f-15ffe6ab11d5"",""si"":""wg9oMywlUNmvpyXfSnLqdMmUJMtTao5ABWr3v_XK_UtuDuQkAA08_8Yyap_UXrnTlUMSm4Eqd9pyt-KyrpHVjLu0Kus5ONvZaUquStXpl130IOgYR_eZylf8cq4uJ_yvDTKXZmIJVVKORFZ-EsSvzNG1IU4uIbdvFf_mqxHVa1QIDQg3"",""ss"":""e2b2ae91-d58c-4cb4-84eb-3938dbd9694a"",""bg"":false,""df"":true,""mtp"":0,""sh"":900,""sw"":1440,""ua"":""Mozilla/5.0 (Windows NT 10.0; Win64; x64) AppleWebKit/537.36 (KHTML, like Gecko) Chrome/151.0.0.0 Safari/537.36"",""url"":""https://www.bayut.eg/ar/%D9%85%D8%AD%D8%A7%D9%81%D8%B8%D8%A9-%D8%A7%D9%84%D9%82%D8%A7%D9%87%D8%B1%D8%A9/%D8%B9%D9%82%D8%A7%D8%B1%D8%A7%D8%AA-%D9%84%D9%84%D8%A8%D9%8A%D8%B9/"",""v"":""3.60.0-2608111919"",""a"":[5,7,9,9,0],""p"":[877,1130,860,2784,2457],""pv"":2,""rd"":3265,""sa"":1787412779366,""sps"":808,""ts"":1787412780175,""d_a"":""x86"",""d_bvs"":""[,{\""brand\"":\""Not=A?Brand\"",\""version\"":\""99.0.0.0\""}{\""brand\"":\""Google Chrome\"",\""version\"":\""151.0.7922.173\""}{\""brand\"":\""Chromium\"",\""version\"":\""151.0.7922.173\""}]"",""d_ot"":""Windows"",""d_os"":""10.0.0"",""huah"":true},""req"":[{""log"":{""name"":""TPFA"",""message"":""event_type"",""pids"":[""7f73296d-ab4a-4807-85d0-3010ef7124b5""],""stack"":""    at Nt (https://sc-static.net/scevent.min.js:2:6415)\n    at pa (https://sc-static.net/scevent.min.js:2:35167)\n    at ka (https://sc-static.net/scevent.min.js:2:37879)\n    at https://sc-static.net/scevent.min.js:2:39341\n    at https://sc-static.net/scevent.min.js:2:4817\n    at y (https://sc-static.net/scevent.min.js:2:2806)\n    at s (https://sc-static.net/scevent.min.js:2:4794)\n    at y (https://sc-static.net/scevent.min.js:2:2806)\n    at c.send (https://sc-static.net/scevent.min.js:2:5102)\n    at y (https://sc-static.net/scevent.min.js:2:2806)\n    at https://sc-static.net/scevent.min.js:2:17696\n    at o (https://www.bayut.eg/assets/8936.ef41244b9a7ebab6.js:2:4883)""},""del"":493},{""md"":{""md"":[{""tagProtocol"":5,""tagData"":{""m"
A_search,124,POST,200,ping,,0,,https://analytics.tiktok.com/api/v2/pixel/act,"{""event_id"":"""",""message_id"":""messageId-1787412779982-5865137208731"",""is_onsite"":false,""timestamp"":""2026-08-22T15:32:59.982Z"",""context"":{""ad"":{""sdk_env"":""external"",""jsb_status"":2},""device"":{""platform"":""pc""},""user"":{""anonymous_id"":""01M0N0FV89SBHQATGHAT1ETJ5T_.tt.1""},""pixel"":{""code"":""CJ923JJC77U6MVP8AB9G"",""runtime"":""1"",""codes"":""CJ923JJC77U6MVP8AB9G""},""page"":{""url"":""https://www.bayut.eg/ar/%D9%85%D8%AD%D8%A7%D9%81%D8%B8%D8%A9-%D8%A7%D9%84%D9%82%D8%A7%D9%87%D8%B1%D8%A9/%D8%B9%D9%82%D8%A7%D8%B1%D8%A7%D8%AA-%D9%84%D9%84%D8%A8%D9%8A%D8%B9/"",""referrer"":"""",""load_progress"":""2""},""library"":{""name"":""pixel.js"",""version"":""2.2.1""},""session_id"":""bf0917de-9e3e-11f1-a94d-2eefbdba528d::d3kbsKdedMjMg3s832FE"",""pageview_id"":""bf0917de-9e3e-11f1-a94d-2eefbdba528d-sR4LD.1.0::c1a06a4f-9e3e-11f1-a94d-2eefbdba528d"",""variation_id"":""traffic_1,traffic_4::default"",""userAgent"":""Mozilla/5.0 (Windows NT 10.0; Win64; x64) AppleWebKit/537.36 (KHTML, like Gecko) Chrome/151.0.0.0 Safari/537.36"",""index"":1,""sessions"":[{""csid"":""1787411557647::EyUS07Bt3-2kyLGTC0P8"",""page_csid"":""1787411557648::G5pmGJ5pMpxIdXtiXYIk"",""csct"":1,""pixel_code"":""CJ923JJC77U6MVP8AB9G""}]},""_inspection"":{""ppf"":[{""id"":6,""d"":4600,""f"":[{""id"":25,""d"":100}]}],""vids"":""76627535,76869011"",""inter_id"":""1.1219263.1221986::1219236.1.1270.176::106768.6.436""},""properties"":{},""signal_diagnostic_labels"":{""raw_email"":{""label"":""missing""},""raw_auto_email"":{""label"":""missing""},""raw_phone"":{""label"":""missing""},""raw_auto_phone"":{""label"":""missing""},""hashed_email"":{""label"":""missing""},""hashed_phone"":{""label"":""missing""},""raw_eb_email"":{""label"":""missing""},""raw_eb_phone"":{""label"":""missing""},""hashed_eb_email"":{""label"":""missing""},""hashed_eb_phone"":{""label"":""missing""}},""action"":""Metadata"",""auto_collected_properties"":{""page_trigger"":""PageView"",""content_data"":{""open_graph"":""{}"",""microdata"":""[]"",""json_ld"":""[]"",""meta"":""{\""title\"":\""Not found | bayut\""}""}}}"
A_search,125,GET,200,script,text/javascript,13510,125_www_searchHistorySearchBoxHits.076343a144aa89f5.js_3513e8.txt,https://www.bayut.eg/assets/searchHistorySearchBoxHits.076343a144aa89f5.js,
A_search,126,POST,200,fetch,application/json,25256,126_ll8iz711cs-dsn_queries_1c94a6.json,https://ll8iz711cs-dsn.algolia.net/1/indexes/*/queries?x-algolia-agent=strat-bayut-eg-prod-fec%2Fb614a2b5&x-algolia-api-key=07de0a8209b2f3cd921152dfe39310a9&x-algolia-application-id=LL8IZ711CS,"{""requests"":[{""indexName"":""bayut-eg-production-locations-ar"",""params"":""page=0&hitsPerPage=20&query=c&optionalWords=&facets=%5B%5D&maxValuesPerFacet=100&attributesToHighlight=%5B%22name%22%2C%22name%22%5D&attributesToRetrieve=%5B%22*%22%5D&filters=&numericFilters=level%3C%3D9""}]}"
A_search,127,POST,200,fetch,application/json,20813,127_ll8iz711cs-dsn_queries_1c94a6.json,https://ll8iz711cs-dsn.algolia.net/1/indexes/*/queries?x-algolia-agent=strat-bayut-eg-prod-fec%2Fb614a2b5&x-algolia-api-key=07de0a8209b2f3cd921152dfe39310a9&x-algolia-application-id=LL8IZ711CS,"{""requests"":[{""indexName"":""bayut-eg-production-locations-ar"",""params"":""page=0&hitsPerPage=20&query=&optionalWords=&facets=%5B%5D&maxValuesPerFacet=100&attributesToHighlight=%5B%22name%22%2C%22name%22%5D&attributesToRetrieve=%5B%22*%22%5D&filters=&numericFilters=level%3C%3D9""}]}"
A_search,128,POST,200,fetch,application/json,26283,128_ll8iz711cs-dsn_queries_1c94a6.json,https://ll8iz711cs-dsn.algolia.net/1/indexes/*/queries?x-algolia-agent=strat-bayut-eg-prod-fec%2Fb614a2b5&x-algolia-api-key=07de0a8209b2f3cd921152dfe39310a9&x-algolia-application-id=LL8IZ711CS,"{""requests"":[{""indexName"":""bayut-eg-production-locations-ar"",""params"":""page=0&hitsPerPage=20&query=ca&optionalWords=&facets=%5B%5D&maxValuesPerFacet=100&attributesToHighlight=%5B%22name%22%2C%22name%22%5D&attributesToRetrieve=%5B%22*%22%5D&filters=&numericFilters=level%3C%3D9""}]}"
A_search,129,POST,200,fetch,application/json,26685,129_ll8iz711cs-dsn_queries_1c94a6.json,https://ll8iz711cs-dsn.algolia.net/1/indexes/*/queries?x-algolia-agent=strat-bayut-eg-prod-fec%2Fb614a2b5&x-algolia-api-key=07de0a8209b2f3cd921152dfe39310a9&x-algolia-application-id=LL8IZ711CS,"{""requests"":[{""indexName"":""bayut-eg-production-locations-ar"",""params"":""page=0&hitsPerPage=20&query=cai&optionalWords=&facets=%5B%5D&maxValuesPerFacet=100&attributesToHighlight=%5B%22name%22%2C%22name%22%5D&attributesToRetrieve=%5B%22*%22%5D&filters=&numericFilters=level%3C%3D9""}]}"
A_search,130,POST,200,fetch,application/json,26687,130_ll8iz711cs-dsn_queries_1c94a6.json,https://ll8iz711cs-dsn.algolia.net/1/indexes/*/queries?x-algolia-agent=strat-bayut-eg-prod-fec%2Fb614a2b5&x-algolia-api-key=07de0a8209b2f3cd921152dfe39310a9&x-algolia-application-id=LL8IZ711CS,"{""requests"":[{""indexName"":""bayut-eg-production-locations-ar"",""params"":""page=0&hitsPerPage=20&query=cair&optionalWords=&facets=%5B%5D&maxValuesPerFacet=100&attributesToHighlight=%5B%22name%22%2C%22name%22%5D&attributesToRetrieve=%5B%22*%22%5D&filters=&numericFilters=level%3C%3D9""}]}"
A_search,131,POST,200,fetch,application/json,28008,131_ll8iz711cs-dsn_queries_1c94a6.json,https://ll8iz711cs-dsn.algolia.net/1/indexes/*/queries?x-algolia-agent=strat-bayut-eg-prod-fec%2Fb614a2b5&x-algolia-api-key=07de0a8209b2f3cd921152dfe39310a9&x-algolia-application-id=LL8IZ711CS,"{""requests"":[{""indexName"":""bayut-eg-production-locations-ar"",""params"":""page=0&hitsPerPage=20&query=cairo&optionalWords=&facets=%5B%5D&maxValuesPerFacet=100&attributesToHighlight=%5B%22name%22%2C%22name%22%5D&attributesToRetrieve=%5B%22*%22%5D&filters=&numericFilters=level%3C%3D9""}]}"
B_click,132,GET,200,script,text/javascript,28568,132_www_tooltip.3a5912a2da3d1c06.js_7f99e3.txt,https://www.bayut.eg/assets/tooltip.3a5912a2da3d1c06.js,
B_click,133,POST,200,ping,,0,,https://analytics.tiktok.com/api/v2/pixel/inter,"{""event_id"":"""",""message_id"":""messageId-1787412789633-1339525423614"",""is_onsite"":false,""timestamp"":""2026-08-22T15:33:09.633Z"",""context"":{""ad"":{""sdk_env"":""external"",""jsb_status"":2},""device"":{""platform"":""pc""},""user"":{""anonymous_id"":""01M0N0FV89SBHQATGHAT1ETJ5T_.tt.1""},""pixel"":{""code"":""CJ923JJC77U6MVP8AB9G"",""runtime"":""1"",""codes"":""CJ923JJC77U6MVP8AB9G""},""page"":{""url"":""https://www.bayut.eg/ar/%D9%85%D8%AD%D8%A7%D9%81%D8%B8%D8%A9-%D8%A7%D9%84%D9%82%D8%A7%D9%87%D8%B1%D8%A9/%D8%B9%D9%82%D8%A7%D8%B1%D8%A7%D8%AA-%D9%84%D9%84%D8%A8%D9%8A%D8%B9/"",""referrer"":"""",""load_progress"":""2""},""library"":{""name"":""pixel.js"",""version"":""2.2.1""},""session_id"":""bf0917de-9e3e-11f1-a94d-2eefbdba528d::d3kbsKdedMjMg3s832FE"",""pageview_id"":""bf0917de-9e3e-11f1-a94d-2eefbdba528d-sR4LD.1.0::c1a06a4f-9e3e-11f1-a94d-2eefbdba528d"",""variation_id"":""traffic_1,traffic_4::default"",""userAgent"":""Mozilla/5.0 (Windows NT 10.0; Win64; x64) AppleWebKit/537.36 (KHTML, like Gecko) Chrome/151.0.0.0 Safari/537.36"",""index"":1},""_inspection"":{""vids"":""76627535,76869011"",""inter_id"":""1.1219263.1221986::1224238.2.808.495::1224618.10.475""},""properties"":{},""signal_diagnostic_labels"":{""raw_email"":{""label"":""missing""},""raw_auto_email"":{""label"":""missing""},""raw_phone"":{""label"":""missing""},""raw_auto_phone"":{""label"":""missing""},""hashed_email"":{""label"":""missing""},""hashed_phone"":{""label"":""missing""},""raw_eb_email"":{""label"":""missing""},""raw_eb_phone"":{""label"":""missing""},""hashed_eb_email"":{""label"":""missing""},""hashed_eb_phone"":{""label"":""missing""}},""action"":""Pf"",""auto_collected_properties"":{""action_event"":""twt"",""inter"":{""ct"":1,""st"":2},""page_inter"":{""metrics_type"":""ct|st"",""ct"":1,""st"":2}}}"
B_click,134,POST,200,ping,,0,,https://analytics.tiktok.com/api/v2/pixel/inter,"{""event_id"":"""",""message_id"":""messageId-1787412799633-3027626087968"",""is_onsite"":false,""timestamp"":""2026-08-22T15:33:19.633Z"",""context"":{""ad"":{""sdk_env"":""external"",""jsb_status"":2},""device"":{""platform"":""pc""},""user"":{""anonymous_id"":""01M0N0FV89SBHQATGHAT1ETJ5T_.tt.1""},""pixel"":{""code"":""CJ923JJC77U6MVP8AB9G"",""runtime"":""1"",""codes"":""CJ923JJC77U6MVP8AB9G""},""page"":{""url"":""https://www.bayut.eg/ar/%D9%85%D8%AD%D8%A7%D9%81%D8%B8%D8%A9-%D8%A7%D9%84%D9%82%D8%A7%D9%87%D8%B1%D8%A9/%D8%B9%D9%82%D8%A7%D8%B1%D8%A7%D8%AA-%D9%84%D9%84%D8%A8%D9%8A%D8%B9/"",""referrer"":"""",""load_progress"":""2""},""library"":{""name"":""pixel.js"",""version"":""2.2.1""},""session_id"":""bf0917de-9e3e-11f1-a94d-2eefbdba528d::d3kbsKdedMjMg3s832FE"",""pageview_id"":""bf0917de-9e3e-11f1-a94d-2eefbdba528d-sR4LD.1.0::c1a06a4f-9e3e-11f1-a94d-2eefbdba528d"",""variation_id"":""traffic_1,traffic_4::default"",""userAgent"":""Mozilla/5.0 (Windows NT 10.0; Win64; x64) AppleWebKit/537.36 (KHTML, like Gecko) Chrome/151.0.0.0 Safari/537.36"",""index"":1},""_inspection"":{""vids"":""76627535,76869011"",""inter_id"":""1.1219263.1221986::1224238.2.808.495::1236915.13.205""},""properties"":{},""signal_diagnostic_labels"":{""raw_email"":{""label"":""missing""},""raw_auto_email"":{""label"":""missing""},""raw_phone"":{""label"":""missing""},""raw_auto_phone"":{""label"":""missing""},""hashed_email"":{""label"":""missing""},""hashed_phone"":{""label"":""missing""},""raw_eb_email"":{""label"":""missing""},""raw_eb_phone"":{""label"":""missing""},""hashed_eb_email"":{""label"":""missing""},""hashed_eb_phone"":{""label"":""missing""}},""action"":""Pf"",""auto_collected_properties"":{""action_event"":""twt"",""inter"":{""ct"":0,""st"":1},""page_inter"":{""metrics_type"":""ct|st"",""ct"":0,""st"":1}}}"
B_goto,135,POST,200,ping,,0,,https://tr.snapchat.com/p,"{""ctx"":{""bt"":""1d53c387"",""c1"":""68332c25-50d9-4da7-9bdf-4a72ea74c994"",""lc"":""99ca57fc-72ae-4c27-92af-0d3297666209"",""ls"":""fd4b6e0e-e424-480d-82ff-c6326a9fd45e"",""r"":""d9cbf032-ec8e-46f7-8aca-3af06824e1b1"",""si"":""wg9oMywlUNmvpyXfSnLqdMmUJMtTao5ABWr3v_XK_UtuDuQkAA08_8Yyap_UXrnTlUMSm4Eqd9pyt-KyrpHVjLu0Kus5ONvZaUquStXpl130IOgYR_eZylf8cq4uJ_yvDTKXZmIJVVKORFZ-5KDZy_Ay7I749w_KOvBoJOGxlVMni0r2"",""ss"":""e2b2ae91-d58c-4cb4-84eb-3938dbd9694a"",""bg"":true,""df"":true,""mtp"":0,""sh"":900,""sw"":1440,""ua"":""Mozilla/5.0 (Windows NT 10.0; Win64; x64) AppleWebKit/537.36 (KHTML, like Gecko) Chrome/151.0.0.0 Safari/537.36"",""url"":""https://www.bayut.eg/ar/%D9%85%D8%AD%D8%A7%D9%81%D8%B8%D8%A9-%D8%A7%D9%84%D9%82%D8%A7%D9%87%D8%B1%D8%A9/%D8%B9%D9%82%D8%A7%D8%B1%D8%A7%D8%AA-%D9%84%D9%84%D8%A8%D9%8A%D8%B9/"",""v"":""3.60.0-2608111919"",""a"":[5,7,9,9,0],""p"":[877,1130,860,2784,2457],""pv"":2,""rd"":37696,""sa"":1787412779366,""sps"":35239,""ts"":1787412814606,""d_a"":""x86"",""d_bvs"":""[,{\""brand\"":\""Not=A?Brand\"",\""version\"":\""99.0.0.0\""}{\""brand\"":\""Google Chrome\"",\""version\"":\""151.0.7922.173\""}{\""brand\"":\""Chromium\"",\""version\"":\""151.0.7922.173\""}]"",""d_ot"":""Windows"",""d_os"":""10.0.0"",""huah"":true},""req"":[{""md"":{""pids"":[""7f73296d-ab4a-4807-85d0-3010ef7124b5""],""psc"":2,""ms"":3},""del"":0}],""u_scsid"":""e2b2ae91-d58c-4cb4-84eb-3938dbd9694a""}"
B_goto,137,GET,200,script,text/javascript,153673,137_www_browser.js_70961e.txt,https://www.bayut.eg/.humbucker/clients/browser.js?v=1&client=strat-bayut-eg-production,
B_goto,161,GET,200,script,text/javascript,231378,161_www_main.messages.b614a2b5e0aec0d045c61749c4688b23476d8b7e.js_99047d.txt,https://www.bayut.eg/assets/locale/en/main.messages.b614a2b5e0aec0d045c61749c4688b23476d8b7e.js,
B_goto,161,GET,200,script,text/javascript,208880,161_www_main.messages.b614a2b5e0aec0d045c61749c4688b23476d8b7e.js_75d305.txt,https://www.bayut.eg/assets/locale/ar/main.messages.b614a2b5e0aec0d045c61749c4688b23476d8b7e.js,
B_goto,161,GET,200,script,text/javascript,148699,161_www_framework.0d42a846a6278137.js_e0e1fc.txt,https://www.bayut.eg/assets/framework.0d42a846a6278137.js,
B_goto,161,GET,200,script,text/javascript,38775,161_www_3675.ebca8567a5614063.js_3ce9f9.txt,https://www.bayut.eg/assets/3675.ebca8567a5614063.js,
B_goto,161,GET,200,script,text/javascript,3496,161_www_6437.26894b0afc8c0667.js_dd2248.txt,https://www.bayut.eg/assets/6437.26894b0afc8c0667.js,
B_goto,161,GET,200,script,text/javascript,16591,161_www_534.f342e653df720e4d.js_499db7.txt,https://www.bayut.eg/assets/534.f342e653df720e4d.js,
B_goto,161,GET,200,document,text/html,970415,161_www__D8_A7_D9_84_D8_B9_D9_82_D8_A7_D8_B1.html_760b41.txt,https://www.bayut.eg/%D8%AA%D9%81%D8%A7%D8%B5%D9%8A%D9%84-503976560/%D8%A7%D9%84%D8%B9%D9%82%D8%A7%D8%B1.html,
B_goto,161,GET,200,script,text/javascript,9594,161_www_8698.1ca249419bd90b50.js_635b06.txt,https://www.bayut.eg/assets/8698.1ca249419bd90b50.js,
B_goto,161,GET,200,script,text/javascript,14879,161_www_329.2722ebebfd2e9f0a.js_4d9a7f.txt,https://www.bayut.eg/assets/329.2722ebebfd2e9f0a.js,
B_goto,161,GET,200,script,text/javascript,16895,161_www_390.cd09de289729c53e.js_4fb225.txt,https://www.bayut.eg/assets/390.cd09de289729c53e.js,
B_goto,161,GET,200,script,text/javascript,35236,161_www_8632.d705f909a758e3f0.js_7a225f.txt,https://www.bayut.eg/assets/8632.d705f909a758e3f0.js,
B_goto,161,GET,200,script,text/javascript,38146,161_www_301.f8ebaaac5b64ace0.js_648302.txt,https://www.bayut.eg/assets/301.f8ebaaac5b64ace0.js,
B_goto,161,GET,200,script,text/javascript,54707,161_www_9052.5013986f8d85a59d.js_6f2a8e.txt,https://www.bayut.eg/assets/9052.5013986f8d85a59d.js,
B_goto,161,GET,200,script,text/javascript,11377,161_www_2069.932bbbd93ebabd13.js_010bd9.txt,https://www.bayut.eg/assets/2069.932bbbd93ebabd13.js,
B_goto,161,GET,200,script,text/javascript,7308,161_www_8634.5e0a704ba81a47bd.js_49a7d3.txt,https://www.bayut.eg/assets/8634.5e0a704ba81a47bd.js,
B_goto,161,GET,200,script,text/javascript,471913,,https://www.bayut.eg/assets/8382.acc5c1f2d3526bd4.js,
B_goto,161,GET,200,script,text/javascript,10554,161_www_4804.016d4fa268d58506.js_55c485.txt,https://www.bayut.eg/assets/4804.016d4fa268d58506.js,
B_goto,161,GET,200,script,text/javascript,3668,161_www_5026.6a80b2304baf0929.js_ebbb0d.txt,https://www.bayut.eg/assets/5026.6a80b2304baf0929.js,
B_goto,161,GET,200,script,text/javascript,18525,161_www_3855.a4f4d2be2379dcfd.js_82c070.txt,https://www.bayut.eg/assets/3855.a4f4d2be2379dcfd.js,
B_goto,161,GET,200,script,text/javascript,85187,161_www_4938.bb44bf2427dccaf0.js_108625.txt,https://www.bayut.eg/assets/4938.bb44bf2427dccaf0.js,
B_goto,161,GET,200,script,text/javascript,11274,161_www_2326.9d7a9f9b8c0a9147.js_f4c3ef.txt,https://www.bayut.eg/assets/2326.9d7a9f9b8c0a9147.js,
B_goto,161,GET,200,script,text/javascript,13982,161_www_1931.e3a0c0fe60fb4b86.js_f5ed9a.txt,https://www.bayut.eg/assets/1931.e3a0c0fe60fb4b86.js,
B_goto,161,GET,200,script,text/javascript,2373480,,https://www.bayut.eg/assets/main.desktop.ab48ac7620d442c2.js,
B_goto,167,GET,200,script,text/javascript,307108,167_www_8936.ef41244b9a7ebab6.js_b03824.txt,https://www.bayut.eg/assets/8936.ef41244b9a7ebab6.js,
B_goto,167,GET,200,script,text/javascript,6993,167_www_date-fns-ar.ea9f3ab228707b9c.js_88f2a6.txt,https://www.bayut.eg/assets/date-fns-ar.ea9f3ab228707b9c.js,
B_goto,167,GET,200,script,text/javascript,2588,167_www_socialShareDropdown.7cdedb178f8ff512.js_c309e2.txt,https://www.bayut.eg/assets/socialShareDropdown.7cdedb178f8ff512.js,
B_goto,167,GET,200,script,text/javascript,7954,167_www_trends.f483a527e74c57f1.js_dc50a7.txt,https://www.bayut.eg/assets/trends.f483a527e74c57f1.js,
B_goto,167,GET,200,script,text/javascript,12372,167_www_4251.e0b6417cf1a9b52e.js_5ff234.txt,https://www.bayut.eg/assets/4251.e0b6417cf1a9b52e.js,
B_goto,167,GET,200,script,text/javascript,76367,167_www_map.974e83767cdfda43.js_34f999.txt,https://www.bayut.eg/assets/map.974e83767cdfda43.js,
B_goto,168,GET,200,xhr,image/svg+xml,0,,https://www.bayut.eg/assets/iconLanguageSwitcher_noinline.16adc0c82dca4bab.svg,
B_goto,168,GET,200,script,application/javascript,665338,,https://www.bayut.eg/metrics/?id=GTM-5C6LD95&l=dataLayer,
B_goto,168,GET,200,script,application/javascript,386769,168_cdn_moe_webSdk.min.latest.js_bef0be.txt,https://cdn.moengage.com/release/dc_1/versions/2/moe_webSdk.min.latest.js,
B_goto,177,GET,200,script,text/javascript,16883,177_www_contactForm.f8b80c53f7dd7cfd.js_3a3365.txt,https://www.bayut.eg/assets/contactForm.f8b80c53f7dd7cfd.js,
B_goto,177,GET,200,script,application/javascript,484644,,https://www.bayut.eg/metrics/SI2S9LRV5pck8Ts8wyXCXvsqDF_yTXZFcYYgCFmUKzgq7JC26AC_X1U,
B_goto,177,GET,200,script,application/javascript,596081,,https://www.bayut.eg/metrics/SI3K6bRXyN5S9zhIqie2PIdLEwq_QCdFdYpwVkuWaW196F9V,
B_goto,177,GET,200,script,application/javascript,5043,177_s_core.js_db1f1e.txt,https://s.pinimg.com/ct/core.js,
B_goto,177,GET,200,script,application/javascript,386769,177_cdn_moe_webSdk.min.latest.js_3cde52.txt,https://cdn.moengage.com/release/dc_1/moe_webSdk.min.latest.js,
B_goto,178,GET,200,script,application/javascript,56861,178_snap_insight.min.js_8b6988.txt,https://snap.licdn.com/li.lms-analytics/insight.min.js,
B_goto,178,GET,200,script,application/javascript,4910,178_tags_bvcCsOvOmDY5XLuGvxDt.js_cb10ce.txt,https://tags.creativecdn.com/bvcCsOvOmDY5XLuGvxDt.js,
B_goto,178,GET,404,fetch,application/json,23,178_www_permitNumber_347e64.json,https://www.bayut.eg/api/listing/503976560/permitNumber,
B_goto,184,POST,401,fetch,,0,,https://fenix-data-es6.bayut.eg/_msearch?filter_path=took%2C*.took%2C*.timed_out%2C*.suggest.*.options.text%2C*.suggest.*.options._source.*%2C*.hits.total.*%2C*.hits.hits._source.*%2C*.hits.hits._score%2C*.hits.hits.highlight.*%2C*.error%2C*.aggregations.*.buckets.key%2C*.aggregations.*.buckets.doc_count%2C*.aggregations.*.buckets.complex_value.hits.hits._source%2C*.aggregations.*.filtered_agg.facet.buckets.key%2C*.aggregations.*.filtered_agg.facet.buckets.doc_count%2C*.aggregations.*.filtered_agg.facet.buckets.complex_value.hits.hits._source,"{""index"":""quarterly_location_popularity_ranking_bayuteg""}
{""from"":0,""size"":5,""track_total_hits"":10000,""query"":{""bool"":{""must"":[{""term"":{""purpose_id"":1}},{""term"":{""property_type_id"":""4""}},{""term"":{""quarter"":""2026-07""}},{""term"":{""area_id"":""2-288""}},{""term"":{""rent_is_paid_frequency"":""unknown""}},{""term"":{""bedrooms"":6}}],""must_not"":[{""terms"":{""community_id"":[""Unknown"",""total""]}}]}},""aggs"":{},""sort"":[{""impressions"":{""order"":""desc""}}],""_source"":[""community_id"",""avg_psf"",""prev_avg_psf""]}
"
B_goto,184,GET,200,fetch,application/json,50,184_www_root_903251.json,https://www.bayut.eg/api/areaGuideLink/?locationSlug=%2F%D8%A7%D9%84%D9%82%D8%A7%D9%87%D8%B1%D8%A9%2F%D8%A7%D9%84%D9%82%D8%A7%D9%87%D8%B1%D8%A9-%D8%A7%D9%84%D8%AC%D8%AF%D9%8A%D8%AF%D8%A9-%D8%A7%D9%84%D8%AA%D8%AC%D9%85%D8%B9-%D8%A7%D9%84%D8%AE%D8%A7%D9%85%D8%B3-%D9%83%D9%88%D9%85%D8%A8%D8%A7%D9%88%D9%86%D8%AF-%D9%87%D8%A7%D9%8A%D8%AF-%D8%A8%D8%A7%D8%B1%D9%83-%D8%A7%D9%84%D9%82%D8%A7%D9%87%D8%B1%D8%A9-%D8%A7%D9%84%D8%AC%D8%AF%D9%8A%D8%AF%D8%A9,
B_goto,184,POST,200,fetch,application/json,28,184_www_generateShortLink_b2c9fa.json,https://www.bayut.eg/api/generateShortLink,"{""destinationURL"":""/%D8%AA%D9%81%D8%A7%D8%B5%D9%8A%D9%84-503976560/%D8%A7%D9%84%D8%B9%D9%82%D8%A7%D8%B1.html?utm_source=web_platform&utm_medium=desktop-web-share&utm_campaign=share_listing""}"
B_goto,184,GET,200,script,application/javascript,59319,184_sc-static_scevent.min.js_7a9fc2.txt,https://sc-static.net/scevent.min.js,
B_goto,184,GET,200,script,application/javascript,8975,184_analytics_events.js_5689ff.txt,https://analytics.tiktok.com/i18n/pixel/events.js?sdkid=CJ923JJC77U6MVP8AB9G&lib=ttq,
B_goto,184,POST,200,fetch,text/html,330,184_www_root_89d1e6.txt,https://www.bayut.eg/api/v1/recommender/store_and_fetch/,"{""clientID"":""1513591719"",""userEmail"":null,""sessionID"":""mt4ins81sfa3vbsy"",""externalID"":""503976560"",""location"":[{""externalID"":""0-1"",""id"":1,""level"":0,""name"":""مَصر"",""slug"":""/مصر"",""type"":""country""},{""externalID"":""1-5"",""id"":2,""level"":1,""name"":""القاهرة"",""slug"":""/القاهرة"",""type"":""province""},{""externalID"":""2-288"",""id"":58,""level"":2,""name"":""القاهرة الجديدة"",""slug"":""/القاهرة/القاهرة-الجديدة"",""type"":""city""},{""externalID"":""3-3094"",""id"":1402,""level"":3,""name"":""التجمع الخامس"",""slug"":""/القاهرة/القاهرة-الجديدة-التجمع-الخامس"",""type"":""neighbourhood""},{""externalID"":""3-1842"",""id"":828,""level"":4,""name"":""كومباوند هايد بارك القاهرة الجديدة"",""slug"":""/القاهرة/القاهرة-الجديدة-التجمع-الخامس-كومباوند-هايد-بارك-القاهرة-الجديدة"",""type"":""neighbourhood""}],""category"":[{""externalID"":""1"",""id"":1,""level"":0,""name"":""عقارات-سكنية"",""nameSingular"":""عقارات-سكنية"",""slug"":""residential""},{""externalID"":""4"",""id"":4,""level"":1,""name"":""فيلات"",""nameSingular"":""فیلا"",""slug"":""villas""}],""id"":321863399,""area"":331,""price"":25500000,""rooms"":6,""baths"":6,""geography"":{""lat"":29.9842656,""lng"":31.540594},""purpose"":""for-sale""}"
B_goto,184,POST,502,fetch,application/json,97,184_www_timeSeriesData_f6f41c.json,https://www.bayut.eg/api/propertyPrices/timeSeriesData,"{""filters"":{""purpose_sk"":""1_buy"",""list_bayut_category_l4_ids"":""4"",""num_bedrooms"":""6"",""property_completion_status_sk"":""ready"",""bayut_geography_id"":""3-3094""}}"
B_goto,184,POST,201,fetch,application/json,1394,184_ovation_root_66b268.json,https://ovation.bayut.eg/ingest/adMetric/,"[{""client_device_id"":""mt4ins81sfa3vbsy"",""client_user_external_id"":null,""client_session_id"":""mt4ins82azpjz2jg"",""google_client_id"":""1513591719.1787411506"",""facebook_browser_id"":""fb.1.1787411557087.6209193395325222"",""facebook_click_id"":null,""ad_source"":""imported"",""ad_source_id"":4,""ad_type"":""property"",""ad_external_id"":""503976560"",""attributions"":[],""ad_product"":""superhot"",""ad_product_variant"":null,""ad_image_url"":""https://images.bayut.eg/thumbnails/48296615-240x180.jpeg"",""ad_location_l3_external_id"":""2-288"",""ad_location_l3_name_en"":""New Cairo"",""ad_location_external_id"":""3-1842"",""ad_location_name_en"":""Hyde Park New Cairo Compound"",""ad_agent_external_id"":""00000000-3e83-801f-8000-024213371337"",""ad_agent_name"":""عمر محمد"",""ad_agent_phone"":""+201102022800"",""ad_agency_external_id"":""1016"",""ad_category_external_id"":""4"",""ad_category_name_en"":""Villa"",""ad_purpose"":""for-sale"",""ad_area"":331,""ad_price"":25500000,""ad_bathroom_count"":6,""ad_bedroom_count"":6,""ad_reference_number"":""1016-fEWtYo"",""ad_location_l3_name_lc"":""القاهرة الجديدة"",""ad_location_name_lc"":""كومباوند هايد بارك القاهرة الجديدة"",""ad_category_name_lc"":""فیلا"",""ad_completion_status"":""completed"",""metric_source"":""details"",""app_type"":""web_desktop"",""browser_fingerprint"":null,""metric_entity"":""ad"",""metric_action"":""view""}]"
B_goto,185,GET,200,script,application/javascript,138912,185_s_main.e47a302d.js_0c6a2a.txt,https://s.pinimg.com/ct/lib/main.e47a302d.js,
B_goto,186,GET,200,script,application/javascript,53632,186_snap_insight.old.min.js_46616b.txt,https://snap.licdn.com/li.lms-analytics/insight.old.min.js,
B_goto,189,POST,502,fetch,application/json,97,189_www_timeSeriesData_f6f41c.json,https://www.bayut.eg/api/propertyPrices/timeSeriesData,"{""filters"":{""purpose_sk"":""1_buy"",""list_bayut_category_l4_ids"":""4"",""num_bedrooms"":""6"",""property_completion_status_sk"":""ready"",""bayut_geography_id"":""2-288""}}"
B_goto,189,POST,200,fetch,application/json,120151,189_ll8iz711cs-dsn_queries_1c94a6.json,https://ll8iz711cs-dsn.algolia.net/1/indexes/*/queries?x-algolia-agent=strat-bayut-eg-prod-fec%2Fb614a2b5&x-algolia-api-key=07de0a8209b2f3cd921152dfe39310a9&x-algolia-application-id=LL8IZ711CS,"{""requests"":[{""indexName"":""bayut-eg-production-ads-city-level-score-ar"",""params"":""page=0&hitsPerPage=30&query=&optionalWords=&facets=%5B%5D&maxValuesPerFacet=10&attributesToHighlight=%5B%5D&attributesToRetrieve=%5B%22type%22%2C%22agency%22%2C%22area%22%2C%22baths%22%2C%22category%22%2C%22additionalCategories%22%2C%22contactName%22%2C%22externalID%22%2C%22sourceID%22%2C%22id%22%2C%22location%22%2C%22objectID%22%2C%22phoneNumber%22%2C%22coverPhoto%22%2C%22photoCount%22%2C%22price%22%2C%22product%22%2C%22productLabel%22%2C%22productVariant%22%2C%22purpose%22%2C%22geography%22%2C%22referenceNumber%22%2C%22rentFrequency%22%2C%22rooms%22%2C%22slug%22%2C%22slug_l1%22%2C%22title%22%2C%22title_l1%22%2C%22createdAt%22%2C%22updatedAt%22%2C%22ownerID%22%2C%22isVerified%22%2C%22verification%22%2C%22completionDetails%22%2C%22completionStatus%22%2C%22furnishingStatus%22%2C%22-agency.tier%22%2C%22coverVideo%22%2C%22videoCount%22%2C%22description%22%2C%22description_l1%22%2C%22descriptionTranslated%22%2C%22descriptionTranslated_l1%22%2C%22floorPlanID%22%2C%22panoramaCount%22%2C%22hasMatchingFloorPlans%22%2C%22state%22%2C%22photoIDs%22%2C%22reactivatedAt%22%2C%22hidePrice%22%2C%22extraFields%22%2C%22projectNumber%22%2C%22locationPurposeTier%22%2C%22hasRedirectionLink%22%2C%22ownerAgent%22%2C%22hasEmail%22%2C%22plotArea%22%2C%22offplanDetails%22%2C%22paymentPlans%22%2C%22paymentPlanSummaries%22%2C%22project%22%2C%22availabilityStatus%22%2C%22userExternalID%22%2C%22units%22%2C%22unitCategories%22%2C%22downPayment%22%2C%22contactMethodAvailability%22%2C%22agentAdStoriesCount%22%2C%22isProjectOwned%22%2C%22documents%22%2C%22hasUnitPlan%22%2C%22streetName%22%5D&filters=(objectID%3A%22321449957%22%20OR%20objectID%3A%22321607382%22%20OR%20objectID%3A%22321767960%22%20OR%20objectID%3A%22321716522%22%20OR%20objectID%3A%22321716554%22%20OR%20objectID%3A%22321716579%22%20OR%20objectID%3A%22321607686%22%20OR%20objectID%3A%22321607323%22%20OR%20objectID%3A%22321607640%22%20OR%20objectID%3A%223217"
B_goto,189,GET,200,fetch,application/javascript,761294,189_www_script_006944.txt,https://www.bayut.eg/.humbucker/challenge/js/generate/script,
B_goto,191,POST,502,fetch,application/json,97,191_www_timeSeriesData_f6f41c.json,https://www.bayut.eg/api/propertyPrices/timeSeriesData,"{""filters"":{""purpose_sk"":""1_buy"",""list_bayut_category_l4_ids"":""4"",""num_bedrooms"":""6"",""property_completion_status_sk"":""ready"",""bayut_geography_id"":""1-5""}}"
B_goto,191,GET,200,script,application/javascript,497435,,https://analytics.tiktok.com/i18n/pixel/static/main.MTgxMDg1OGQ1MQ.js,
B_goto,192,POST,200,fetch,application/json,2,192_ams_v2_882f74.json,https://ams.creativecdn.com/tags/v2?type=json,"{""v"":""v0.2.1"",""sr"":"""",""su"":""https://www.bayut.eg/%D8%AA%D9%81%D8%A7%D8%B5%D9%8A%D9%84-503976560/%D8%A7%D9%84%D8%B9%D9%82%D8%A7%D8%B1.html"",""th"":""bvcCsOvOmDY5XLuGvxDt"",""tags"":[{""eventType"":""offer"",""offerId"":""503976560""},{""eventType"":""category"",""categoryId"":""Buy""},{""eventType"":""custom"",""name"":""language"",""value"":""ar""},{""eventType"":""uid"",""id"":""1513591719.1787411506"",""expiryDate"":""2027-08-22T15:33:37.920Z""},{""eventType"":""lid"",""id"":""RXzMzsTREv8NP2VSBwGN"",""expiryDate"":""2027-08-22T15:33:37.920Z""}]}"
B_goto,198,GET,200,script,application/javascript,155566,198_analytics_identify_ea043f1c.js_43aa89.txt,https://analytics.tiktok.com/i18n/pixel/static/identify_ea043f1c.js,
B_goto,198,GET,200,xhr,application/json,398,198_ct_root_7c3c0f.json,https://ct.pinterest.com/user/?event=viewcategory&ed=%7B%22event_id%22%3A%22a3593e4a-1c96-4e8b-a45e-3a3d704092c6%22%2C%22np%22%3A%22gtm%22%2C%22gtm_version%22%3A%22legacy%22%7D&tid=2613155939643&cb=1787412817961&dep=5%2CEVENT_TAGS_ABSENT,
B_goto,198,GET,200,xhr,application/json,398,198_ct_root_d4c95c.json,https://ct.pinterest.com/user/?tid=2613155939643&pd=%7B%22np%22%3A%22gtm%22%2C%22gtm_version%22%3A%22legacy%22%2C%22pin_unauth%22%3A%22dWlkPVpXTXdNbVkwWTJRdE9UTmxNeTAwTkdZNUxXRTRZelF0WVRGa1pHTXhNbUk1WTJFMQ%22%7D&cb=1787412817958&dep=2%2CPAGE_LOAD,
B_goto,198,GET,200,xhr,application/json,2,198_px_attribution_trigger_85f454.json,https://px.ads.linkedin.com/attribution_trigger?pid=5908977&time=1787412818085&url=https%3A%2F%2Fwww.bayut.eg%2F%25D8%25AA%25D9%2581%25D8%25A7%25D8%25B5%25D9%258A%25D9%2584-503976560%2F%25D8%25A7%25D9%2584%25D8%25B9%25D9%2582%25D8%25A7%25D8%25B1.html,
B_goto,198,GET,200,script,application/javascript,208,198_tr_7f73296d-ab4a-4807-85d0-3010ef7124b5.js_088fb2.txt,https://tr.snapchat.com/config/eg/7f73296d-ab4a-4807-85d0-3010ef7124b5.js?v=3.60.0-2608111919,
B_goto,198,POST,502,fetch,application/json,97,198_www_timeSeriesData_f6f41c.json,https://www.bayut.eg/api/propertyPrices/timeSeriesData,"{""filters"":{""purpose_sk"":""1_buy"",""list_bayut_category_l4_ids"":""4"",""num_bedrooms"":""6"",""property_completion_status_sk"":""ready"",""bayut_geography_id"":""0-1""}}"
B_goto,199,POST,200,ping,,0,,https://analytics.tiktok.com/api/v2/pixel,"{""event"":""Pageview"",""event_id"":"""",""message_id"":""messageId-1787412818446-7793422064853-CJ923JJC77U6MVP8AB9G"",""is_onsite"":false,""timestamp"":""2026-08-22T15:33:38.446Z"",""context"":{""ad"":{""sdk_env"":""external"",""jsb_status"":2},""device"":{""platform"":""pc""},""user"":{""anonymous_id"":""01M0N0FV89SBHQATGHAT1ETJ5T_.tt.1""},""pixel"":{""code"":""CJ923JJC77U6MVP8AB9G"",""runtime"":""1""},""page"":{""url"":""https://www.bayut.eg/%D8%AA%D9%81%D8%A7%D8%B5%D9%8A%D9%84-503976560/%D8%A7%D9%84%D8%B9%D9%82%D8%A7%D8%B1.html"",""referrer"":"""",""load_progress"":""1""},""library"":{""name"":""pixel.js"",""version"":""2.2.1""},""session_id"":""bf0917de-9e3e-11f1-a94d-2eefbdba528d::d3kbsKdedMjMg3s832FE-CJ923JJC77U6MVP8AB9G"",""pageview_id"":""bf0917de-9e3e-11f1-a94d-2eefbdba528d-QB4IA.2.0::d8196ccc-9e3e-11f1-a596-1ae52cb3f112-CJ923JJC77U6MVP8AB9G"",""variation_id"":""traffic_1,traffic_4::default"",""csid"":""1787411557647::EyUS07Bt3-2kyLGTC0P8"",""page_csid"":""1787411557648::G5pmGJ5pMpxIdXtiXYIk"",""csct"":1,""userAgent"":""Mozilla/5.0 (Windows NT 10.0; Win64; x64) AppleWebKit/537.36 (KHTML, like Gecko) Chrome/151.0.0.0 Safari/537.36""},""_inspection"":{""ppf"":[{""id"":7,""d"":22500,""f"":[{""id"":19,""d"":0},{""id"":1,""d"":500},{""id"":19,""d"":0},{""id"":2,""d"":6500},{""id"":18,""d"":0},{""id"":15,""d"":1600},{""id"":7,""d"":100},{""id"":6,""d"":3500},{""id"":8,""d"":0},{""id"":9,""d"":0},{""id"":11,""d"":300},{""id"":4,""d"":6000},{""id"":23,""d"":1100},{""id"":22,""d"":4700},{""id"":3,""d"":11100},{""id"":19,""d"":0},{""id"":16,""d"":100},{""id"":17,""d"":100}]}],""vids"":""76627535,76869011"",""inter_id"":""1.1256958.1260793::1224238.2.808.495::1236915.13.205""},""properties"":{""website_section"":""Buy"",""pagetype"":""offerdetail"",""page_section"":""detail"",""category_1"":""residential"",""category_2"":""villas""},""signal_diagnostic_labels"":{""raw_email"":{""label"":""missing""},""raw_auto_email"":{""label"":""missing""},""raw_phone"":{""label"":""missing""},""raw_auto_phone"":{""label"":""missing""},""hashed_email"":{""label"":""missing""},""hashed_phone"":{""label"":""missing""},""raw_eb_email"":{""label"":""missing""},""raw_eb_phone"":{""label"":""missing""},""hashed_eb_email"":{""label"":""missing""},""ha"
B_goto,200,POST,401,fetch,,0,,https://fenix-data-es6.bayut.eg/_msearch?filter_path=took%2C*.took%2C*.timed_out%2C*.suggest.*.options.text%2C*.suggest.*.options._source.*%2C*.hits.total.*%2C*.hits.hits._source.*%2C*.hits.hits._score%2C*.hits.hits.highlight.*%2C*.error%2C*.aggregations.*.buckets.key%2C*.aggregations.*.buckets.doc_count%2C*.aggregations.*.buckets.complex_value.hits.hits._source%2C*.aggregations.*.filtered_agg.facet.buckets.key%2C*.aggregations.*.filtered_agg.facet.buckets.doc_count%2C*.aggregations.*.filtered_agg.facet.buckets.complex_value.hits.hits._source,"{""index"":""monthly_location_price_trends_bayuteg_prod_alias""}
{""from"":0,""size"":12,""track_total_hits"":10000,""query"":{""bool"":{""must"":[{""term"":{""purpose_id"":1}},{""term"":{""property_type_id"":""4""}},{""term"":{""location_id"":""3-3094""}},{""exists"":{""field"":""avg_price_ep""}},{""range"":{""month"":{""gte"":""2024-06""}}},{""term"":{""bedrooms"":6}}]}},""aggs"":{},""sort"":[{""month"":{""order"":""desc""}}]}
"
B_goto,201,POST,204,fetch,,0,,https://px.ads.linkedin.com/wa/?medium=fetch&fmt=g,H4sIAAAAAAAACk2R3WoaQRTHX2U4YGnNbnR1dWf3zpA0FVIoVXJTShndqRmybrbu2CJpLho/8UVWRBKsLSVvcs7blFlr24sZzv98/M6fmVtIVJhC8K7ml7nvee8tSLsDlehLOUjVTQxBtcwt0KovIXA87rlOhTvc5VULwpu+UDEE0BGjoT6WPbBgOIgggCutkzQolQ6FUuGUFxqNwqlf4E4ee+Y+qeWZPF8sFu0/p1g6tPgF7uaNfh5X/ht1jq90PwILEtGTbaUjCQHQN1rSBDNGU9zhmu5pQnOGG8xojt9pzmhCE9zRmGbPq9UyTdkRwxU+4E+aMhrjipa4PcI1/sBftMQVw4wmuMYtZgx3tMAVbg1jQWPcvfi3zVDN7BMzOUZzzGiJj4ad4ZbGB86Gpvi0Fw+YGZO5oPvc4NZ4NbUNPppxmrNXo1CyRAyuDWpDC4N7rT6rUDyjKWa0oBmuaZavpQX7yk7Mi7Oz3ijRYMEX2UmVli3Vi0X0Vn4aylQ3QwigUq/zMndCu1avhjb3HNfu+o5jl7uhcKQrBQ8rYIFK2wMRp5HQMoTgo4hSaUGkXoo9BYw4VyLWe9FXaReCW0jSTksLLSGw3TtDuVDxtQybcSNJ/mKuZB+CeBhFFqS5v/YoMX/4pnF+9uGy2Wq24e432s6GUp4CAAA=
B_goto,202,POST,200,ping,,0,,https://analytics.tiktok.com/api/v2/pixel,"{""event"":""ViewContent"",""event_id"":""a3593e4a-1c96-4e8b-a45e-3a3d704092c6"",""message_id"":""messageId-1787412818450-2776371761682-CJ923JJC77U6MVP8AB9G"",""is_onsite"":false,""timestamp"":""2026-08-22T15:33:38.450Z"",""context"":{""ad"":{""sdk_env"":""external"",""jsb_status"":2},""device"":{""platform"":""pc""},""user"":{""anonymous_id"":""01M0N0FV89SBHQATGHAT1ETJ5T_.tt.1""},""pixel"":{""code"":""CJ923JJC77U6MVP8AB9G"",""runtime"":""1""},""page"":{""url"":""https://www.bayut.eg/%D8%AA%D9%81%D8%A7%D8%B5%D9%8A%D9%84-503976560/%D8%A7%D9%84%D8%B9%D9%82%D8%A7%D8%B1.html"",""referrer"":"""",""load_progress"":""1""},""library"":{""name"":""pixel.js"",""version"":""2.2.1""},""session_id"":""bf0917de-9e3e-11f1-a94d-2eefbdba528d::d3kbsKdedMjMg3s832FE-CJ923JJC77U6MVP8AB9G"",""pageview_id"":""bf0917de-9e3e-11f1-a94d-2eefbdba528d-QB4IA.2.0::d8196ccc-9e3e-11f1-a596-1ae52cb3f112-CJ923JJC77U6MVP8AB9G"",""variation_id"":""traffic_1,traffic_4::default"",""csid"":""1787411557647::EyUS07Bt3-2kyLGTC0P8"",""page_csid"":""1787411557648::G5pmGJ5pMpxIdXtiXYIk"",""csct"":1,""userAgent"":""Mozilla/5.0 (Windows NT 10.0; Win64; x64) AppleWebKit/537.36 (KHTML, like Gecko) Chrome/151.0.0.0 Safari/537.36""},""_inspection"":{""ppf"":[{""id"":6,""d"":5400,""f"":[{""id"":25,""d"":0}]}],""vids"":""76627535,76869011"",""inter_id"":""1.1256958.1260793::1224238.2.808.495::1236915.13.205""},""properties"":{""search_string"":""Buy;كومباوند هايد بارك القاهرة الجديدة;"",""contents"":[{""content_id"":503976560,""content_name"":""property"",""quantity"":1,""price"":25500000}],""content_type"":""product"",""value"":25500000,""currency"":""EGP"",""WebsiteSection"":""Buy"",""pagetype"":""offerdetail"",""page_section"":""detail"",""category_1"":""residential"",""category_2"":""villas"",""PageType"":""offerdetail"",""PropertyType"":""villas"",""LocID"":"";3-1842;"",""LocBreadcrumb"":"";0-1;1-5;2-288;3-3094;3-1842;"",""CityName"":"";القاهرة;"",""CityID"":"";1-5;"",""Country"":""Egypt"",""City"":"";القاهرة;"",""Region"":"";القاهرة;"",""LocName"":"";كومباوند هايد بارك القاهرة الجديدة;"",""Purpose"":""Buy"",""ListingID"":503976560,""AgencyName"":1016},""signal_diagnostic_labels"":{""raw_email"":{""label"":""missing""},""raw_auto_email"""
B_goto,203,POST,200,ping,,0,,https://tr6.snapchat.com/p,"{""ctx"":{""bt"":""1d53c387"",""c1"":""68332c25-50d9-4da7-9bdf-4a72ea74c994"",""lc"":""995e5354-7538-4c5e-a4dc-f29183ff48f7"",""ls"":""fd4b6e0e-e424-480d-82ff-c6326a9fd45e"",""r"":""c3a1beeb-418d-442b-a444-ab346b212996"",""si"":""ww9oMywlUNmvpyXfSnLqdMmUJMtTao5ABWr3sPbK_UtuDuQkAA08_8Yyap_UXrnTlUMSm4Eqd9tzt-KyrpHVjLu0Kus5ONvZaUquStXpl130IOgZPOWZXlNUdThVXjvc8pGD_0j3VeaKreCrAIXDob7rQY0qK6NEqzRrISmWjznlNL62"",""ss"":""e2b2ae91-d58c-4cb4-84eb-3938dbd9694a"",""bg"":false,""df"":true,""mtp"":0,""sh"":900,""sw"":1440,""ua"":""Mozilla/5.0 (Windows NT 10.0; Win64; x64) AppleWebKit/537.36 (KHTML, like Gecko) Chrome/151.0.0.0 Safari/537.36"",""url"":""https://www.bayut.eg/%D8%AA%D9%81%D8%A7%D8%B5%D9%8A%D9%84-503976560/%D8%A7%D9%84%D8%B9%D9%82%D8%A7%D8%B1.html"",""v"":""3.60.0-2608111919"",""a"":[8,308,310,310,0],""p"":[689,1075,null,0,3323],""pv"":2,""rd"":4032,""sa"":1787412817929,""sps"":709,""ts"":1787412818639,""d_a"":""x86"",""d_bvs"":""[,{\""brand\"":\""Not=A?Brand\"",\""version\"":\""99.0.0.0\""}{\""brand\"":\""Google Chrome\"",\""version\"":\""151.0.7922.173\""}{\""brand\"":\""Chromium\"",\""version\"":\""151.0.7922.173\""}]"",""d_ot"":""Windows"",""d_os"":""10.0.0"",""huah"":true},""req"":[{""i"":{""pids"":[""7f73296d-ab4a-4807-85d0-3010ef7124b5""]},""del"":143}],""u_scsid"":""e2b2ae91-d58c-4cb4-84eb-3938dbd9694a""}"
B_goto,204,POST,400,fetch,,0,,https://www.bayut.eg/.humbucker/challenge/js/validate,"""OTGm9-YNtFjdM1fBtB07PkbZMibguc7RVhT7za8ck-4LrkZWmxPOL2vrrRcFJsIcYCGiM2D5TliLKPu1lO7wy-CoiIrhRBI7MUSbiKwpdEDEFYIN1KAX9o8VGBFl1d4x5FDkYuXSk0drFU6ABq96StlWPTjiW1Qq_z4Hb3FkTeEAfFLyiqmGCOw5UHn3N6Mqm-WNGHNiEDNylW5Yu913bymC_aeDDpJICO-u1Z_XSSyTiN7Si31FCjew87rl9jSsZbIigceySdYTDY8weUc9o51cakBp6qLVAMeU0618wPy7-PpGkSP_UqcR3sTE9KObl_IpaaLontrxAWbh7I8CVy4wJ6qlor2u0bRuoJsTV5CBv3vvN1ZwPAkiTWDrtRMlhVhSkHtGLGwkXQ8uQzDk1RldecKdRWKXs1tqU8HrWaEXfcn-KARGsbgmeUWy0oY_oO12OlFR64rb5mJM7lWVd3jV7pcSRwy2rVE4I9ssQM-Zue9vUyAE0SzsrHbXQjHz7MLP9Tvreq2Mp-xpY4scb3vI2HzhvGk_RFAppmhBLPl5PjEnKj6KGyfxYtDmbrq40fST_f9y93As7znIo-B4AhXGfXOIsaygHALI7fub-ITrcXfkaNk19XcUZc9iw2FjklxPX1IDRkHRmMfG8CDUurr47VWTv1gkso7Z5pTI72_ewcL9wBreOycThlHICY7t-OpIxaLHnzEDYgUlW3iYc0XqNavFW0bV-uyoDtP39Tse2f9qtPbbzvciHb7QXEvuRe7fQa-K-cMROGYLIew0HwRXXdfrGL6vGmSklk9VU2rEMSGzE3T0YDHQ30X3Y0-zPijNqTvvEICoomF-87isNsgyblTpV2FUIv2hJzop3j5FIRg35Pjml3CChELSgswVPQ89Rq2o9dqQ97cf2w_rH7_sGQHM2FmK-9EJ9niY_Fcg2Q8qHvQgSNKIowsVVkOFu0jHe8Qbr0nbb6x0Y8Ixdn0SNPUyOJjwMUY31_kAxmBZHyNsWjAAM5m82GvLquVhyx_4OH_jkIwuVI3v-31AdhAUE-T7AF2VnJWJyA4HpESJstuHrIWUhefITBsrbAksrmTV7BDNLZsnD5Ccl4ZE7dcT9LYCJWyxmy-D6GA-SAm-f7irDg5Q2-HcMgyteh3Juh8jXCCMj81rHWsoLrZn0_NWtl9xnxfuldoJc-20MeRAKnxhRK_54q2F88D8HXz3n0UQgl7EVic6KrZQMVcRW9NFEVjV_tcIOWq7kKwxUJqEYj0nX6jgNhkGALqZ0EYOp84MFUxt-VG27OolOteX-WUmwxH59s2q6IEbWqAU_HmzB7EK_ne1QK5rTDGRn8z50H8y3803U8wyOMBucDKxgjrm_-X8I2pObpEwZtgPPaEC5qcsPbZQlioExck5ZL1f8tShqNAo-3Yup7n2il9RLoG9tH35uYXKgxxq3sgw_mTBocRoM2upRG9OEBNrYmRcdFvoLwLxlfv7h7yl5zuQmxSBAmm-nI8OxIh7sYnYfnpTVuxeXGWhuzIt15pJtrd0g6NZ6HpvwcJFoNBrBwkDX_6FHzghEUCQ82KUkwWj_RG3QXEK4hA-zVZeOmOxvc2qIo3WNj-Pm8ZYdekbSg8bGXvVMfpb94y2TP9dqF1VENTBlRNi1sk2yj3STsXk6vxj_l5pDC7Vb19uo0lFcsRZyVNY2WQvPfJKAxEqPAohVUX68BIRKekIy6zdcQwi2C-GhSFHDIfpPh2i4tlKjOFINxSEwlciFZCSqw6-FisifrztyUCruc3Qhf5KgNuKqJhPvdVhioM2_gaCTApS3phIMn4RwOWpeUtagGouLlOxarpArq9Z02TY_pX4t05qo9nwdPqNypv14lmfgjjOFWztM0q4PMtXM7D_HlZtDBwvMhaG9g-oHRtG6d61toIl0STQpnpxTP_xPEE-b8595wtQF9AD2KwhyRXHjd7yWFCijlxEZ5gHgA1eAt1XaOmKGKSGvRCSBu9rJFPTHpQ"
B_goto,205,POST,200,ping,,0,,https://tr.snapchat.com/p,"{""ctx"":{""bt"":""1d53c387"",""c1"":""68332c25-50d9-4da7-9bdf-4a72ea74c994"",""lc"":""995e5354-7538-4c5e-a4dc-f29183ff48f7"",""ls"":""fd4b6e0e-e424-480d-82ff-c6326a9fd45e"",""r"":""bee47513-26ca-4042-ba93-19b44e717314"",""si"":""ww9oMywlUNmvpyXfSnLqdMmUJMtTao5ABWr3sPbK_UtuDuQkAA08_8Yyap_UXrnTlUMSm4Eqd9tzt-KyrpHVjLu0Kus5ONvZaUquStXpl130IOgZPOWZXlNUdThVXjvc8pGD_0j3VeaKreCrOQO-5HUTJspNQgiTGbROcXMUenysbJR-"",""ss"":""e2b2ae91-d58c-4cb4-84eb-3938dbd9694a"",""bg"":true,""df"":true,""mtp"":0,""sh"":900,""sw"":1440,""ua"":""Mozilla/5.0 (Windows NT 10.0; Win64; x64) AppleWebKit/537.36 (KHTML, like Gecko) Chrome/151.0.0.0 Safari/537.36"",""url"":""https://www.bayut.eg/%D8%AA%D9%81%D8%A7%D8%B5%D9%8A%D9%84-503976560/%D8%A7%D9%84%D8%B9%D9%82%D8%A7%D8%B1.html"",""v"":""3.60.0-2608111919"",""a"":[8,308,310,310,0],""p"":[689,1075,null,0,3323],""pv"":2,""rd"":4155,""sa"":1787412817929,""sps"":832,""ts"":1787412818762,""d_a"":""x86"",""d_bvs"":""[,{\""brand\"":\""Not=A?Brand\"",\""version\"":\""99.0.0.0\""}{\""brand\"":\""Google Chrome\"",\""version\"":\""151.0.7922.173\""}{\""brand\"":\""Chromium\"",\""version\"":\""151.0.7922.173\""}]"",""d_ot"":""Windows"",""d_os"":""10.0.0"",""huah"":true},""req"":[{""log"":{""name"":""TPFA"",""message"":""event_type"",""pids"":[""7f73296d-ab4a-4807-85d0-3010ef7124b5""],""stack"":""    at Nt (https://sc-static.net/scevent.min.js:2:6415)\n    at pa (https://sc-static.net/scevent.min.js:2:35167)\n    at ka (https://sc-static.net/scevent.min.js:2:37879)\n    at https://sc-static.net/scevent.min.js:2:39341\n    at https://sc-static.net/scevent.min.js:2:4817\n    at y (https://sc-static.net/scevent.min.js:2:2806)\n    at s (https://sc-static.net/scevent.min.js:2:4794)\n    at y (https://sc-static.net/scevent.min.js:2:2806)\n    at c.send (https://sc-static.net/scevent.min.js:2:5102)\n    at y (https://sc-static.net/scevent.min.js:2:2806)\n    at https://sc-static.net/scevent.min.js:2:17696\n    at o (https://www.bayut.eg/assets/8936.ef41244b9a7ebab6.js:2:4883)""},""del"":266},{""md"":{""md"":[{""tagProtocol"":3,""tagData"":{""og:description"":""فیلا للبيع في كومباوند هايد بارك القاهرة الج"
B_goto,206,POST,200,ping,,0,,https://analytics.tiktok.com/api/v2/pixel/act,"{""event_id"":"""",""message_id"":""messageId-1787412818652-9214913310684"",""is_onsite"":false,""timestamp"":""2026-08-22T15:33:38.652Z"",""context"":{""ad"":{""sdk_env"":""external"",""jsb_status"":2},""device"":{""platform"":""pc""},""user"":{""anonymous_id"":""01M0N0FV89SBHQATGHAT1ETJ5T_.tt.1""},""pixel"":{""code"":""CJ923JJC77U6MVP8AB9G"",""runtime"":""1"",""codes"":""CJ923JJC77U6MVP8AB9G""},""page"":{""url"":""https://www.bayut.eg/%D8%AA%D9%81%D8%A7%D8%B5%D9%8A%D9%84-503976560/%D8%A7%D9%84%D8%B9%D9%82%D8%A7%D8%B1.html"",""referrer"":"""",""load_progress"":""1""},""library"":{""name"":""pixel.js"",""version"":""2.2.1""},""session_id"":""bf0917de-9e3e-11f1-a94d-2eefbdba528d::d3kbsKdedMjMg3s832FE"",""pageview_id"":""bf0917de-9e3e-11f1-a94d-2eefbdba528d-QB4IA.2.0::d8196ccc-9e3e-11f1-a596-1ae52cb3f112"",""variation_id"":""traffic_1,traffic_4::default"",""userAgent"":""Mozilla/5.0 (Windows NT 10.0; Win64; x64) AppleWebKit/537.36 (KHTML, like Gecko) Chrome/151.0.0.0 Safari/537.36"",""index"":2,""sessions"":[{""csid"":""1787411557647::EyUS07Bt3-2kyLGTC0P8"",""page_csid"":""1787411557648::G5pmGJ5pMpxIdXtiXYIk"",""csct"":1,""pixel_code"":""CJ923JJC77U6MVP8AB9G""}]},""_inspection"":{""ppf"":[{""id"":6,""d"":2200,""f"":[{""id"":25,""d"":0}]}],""vids"":""76627535,76869011"",""inter_id"":""1.1256958.1260793::1224238.2.808.495::1236915.13.205""},""properties"":{},""signal_diagnostic_labels"":{""raw_email"":{""label"":""missing""},""raw_auto_email"":{""label"":""missing""},""raw_phone"":{""label"":""missing""},""raw_auto_phone"":{""label"":""missing""},""hashed_email"":{""label"":""missing""},""hashed_phone"":{""label"":""missing""},""raw_eb_email"":{""label"":""missing""},""raw_eb_phone"":{""label"":""missing""},""hashed_eb_email"":{""label"":""missing""},""hashed_eb_phone"":{""label"":""missing""}},""action"":""Metadata"",""auto_collected_properties"":{""page_trigger"":""PageView"",""content_data"":{""open_graph"":""{\""og:description\"":\""فیلا للبيع في كومباوند هايد بارك القاهرة الجديدة، التجمع الخامس، القاهرة الجديدة، القاهرة بسعر ج.م 25500000, ,غرف 6 ,حمامات 6 331 متر مربع, عرض التفاصيل و 10 صور صور, تمت الإضافة من قبل Falcon Real Estate. الرقم المرجعي\"",\""twitter:description\"""
B_goto,207,GET,403,fetch,,0,,https://www.bayut.eg/.humbucker/challenge/js/generate/interstitial-host?pm=interstitialCheckbox&language=en,
B_goto,208,POST,401,fetch,,0,,https://fenix-data-es6.bayut.eg/_msearch?filter_path=took%2C*.took%2C*.timed_out%2C*.suggest.*.options.text%2C*.suggest.*.options._source.*%2C*.hits.total.*%2C*.hits.hits._source.*%2C*.hits.hits._score%2C*.hits.hits.highlight.*%2C*.error%2C*.aggregations.*.buckets.key%2C*.aggregations.*.buckets.doc_count%2C*.aggregations.*.buckets.complex_value.hits.hits._source%2C*.aggregations.*.filtered_agg.facet.buckets.key%2C*.aggregations.*.filtered_agg.facet.buckets.doc_count%2C*.aggregations.*.filtered_agg.facet.buckets.complex_value.hits.hits._source,"{""index"":""monthly_location_price_trends_bayuteg_prod_alias""}
{""from"":0,""size"":12,""track_total_hits"":10000,""query"":{""bool"":{""must"":[{""term"":{""purpose_id"":1}},{""term"":{""property_type_id"":""4""}},{""term"":{""location_id"":""2-288""}},{""exists"":{""field"":""avg_price_ep""}},{""range"":{""month"":{""gte"":""2024-06""}}},{""term"":{""bedrooms"":6}}]}},""aggs"":{},""sort"":[{""month"":{""order"":""desc""}}]}
"
B_goto,234,GET,200,script,text/javascript,231378,234_www_main.messages.b614a2b5e0aec0d045c61749c4688b23476d8b7e.js_99047d.txt,https://www.bayut.eg/assets/locale/en/main.messages.b614a2b5e0aec0d045c61749c4688b23476d8b7e.js,
B_goto,234,GET,200,script,text/javascript,208880,234_www_main.messages.b614a2b5e0aec0d045c61749c4688b23476d8b7e.js_75d305.txt,https://www.bayut.eg/assets/locale/ar/main.messages.b614a2b5e0aec0d045c61749c4688b23476d8b7e.js,
B_goto,234,GET,200,script,text/javascript,148699,234_www_framework.0d42a846a6278137.js_e0e1fc.txt,https://www.bayut.eg/assets/framework.0d42a846a6278137.js,
B_goto,234,GET,200,script,text/javascript,38775,234_www_3675.ebca8567a5614063.js_3ce9f9.txt,https://www.bayut.eg/assets/3675.ebca8567a5614063.js,
B_goto,234,GET,200,script,text/javascript,3496,234_www_6437.26894b0afc8c0667.js_dd2248.txt,https://www.bayut.eg/assets/6437.26894b0afc8c0667.js,
B_goto,234,GET,200,script,text/javascript,16591,234_www_534.f342e653df720e4d.js_499db7.txt,https://www.bayut.eg/assets/534.f342e653df720e4d.js,
B_goto,234,GET,200,script,text/javascript,9594,234_www_8698.1ca249419bd90b50.js_635b06.txt,https://www.bayut.eg/assets/8698.1ca249419bd90b50.js,
B_goto,234,GET,200,script,text/javascript,14879,234_www_329.2722ebebfd2e9f0a.js_4d9a7f.txt,https://www.bayut.eg/assets/329.2722ebebfd2e9f0a.js,
B_goto,234,GET,200,script,text/javascript,16895,234_www_390.cd09de289729c53e.js_4fb225.txt,https://www.bayut.eg/assets/390.cd09de289729c53e.js,
B_goto,234,GET,200,script,text/javascript,35236,234_www_8632.d705f909a758e3f0.js_7a225f.txt,https://www.bayut.eg/assets/8632.d705f909a758e3f0.js,
B_goto,234,GET,200,document,text/html,843025,234_www_captchaChallenge_e70a64.txt,https://www.bayut.eg/captchaChallenge?hbCO=eyJhbGciOiJkaXIiLCJlbmMiOiJBMjU2R0NNIiwiaGIiOnsicG0iOiJqc0NoYWxsZW5nZSIsImNodSI6Imh0dHBzOi8vaGIuYmF5dXQuZWcifX0..DONVTo-XNqO8Hozf.V_qEkrqLTnOqDW1Y3Gq1TY_SJ7K954nK9QejPahby2W29hhx5TlyKCDtaxjXOy2EOFxnZOCDDQolQxlGGDGhNM6UyUkky3J5f_WjlDKK_vHyDwxGzeXLv88kw7e0YA8piH-o2MDgicgVePnrR-UyRAuhOLqBGSVbv2fYDIczVyWWFMoL6XMbgQz-G55MsTXRxYyLYvX9u7wl6lwuCLxiTBR3Jtm6O9C9JPqHXsN85mdYdgfrOErEgzutY9F-GSVCa9k0ulhD3GoIN5Fljp_Z5lQ66OmFi9wZn2mT_8qYOmwN-5yZ8cHRzPBerQob_4HoXsTeULFP9hQ8rBtxVkART1m21kCI7kleiKjKndU0Vn1as-5N33waMjh_-Rxe00eb3l3bkdqOzU5ogui7y_0qI-HZTKBVdwGFGqVdph4HAHF62UxA-jMQYgEjqTKKLiX9dMCc8Bgbe9TUzpbuBrvogRCzmXZZpFA5LYT5rYhxi73LGDMlzoZggRCn-xsj0IXkOOXjHvO9DSTR08XpOiWw--vKfDprzYIerTvgyQexe_x0ntio1fkWyKK76yB4Sx1MEBObIAvBTeAYm3J75V82KUisYrUUAJw-OMSbk9ThpVDvNHHtuqzd7cgMcKw7BPXtFfEC0cP2XyVMEI-_VukklKl28VHWmzVs_4gUJC7nYyh-8Q8kaJp-u7VakJtqPm4muUy5oI6ndPxPpueUf1nDR4Gz2ZwSloz8_t-5C_88fnmFzEatbVLmzAld5qsnnOB6Vp72twqG8yxGghWP1D47PFrhxwGJ72FTWuaatLett_me3jGTN3s3CzRWkKbMfEFSl1wgKfPjk4i0Vs4-Co6bUGgAb21eohZejhcUZctTzUQlnf8m6C4yMlmO5GPVO7tSXaDAOSzge9vD8aiPPMOHNx-cYan5pe5dB5LkRaB8LDOiJWy_BBL8LhcXA7dtTP8_wum3Cb1d80ql8yYzvrefAmpDFeA4GIu9Pb7_7tcueTgK09X3PPwkFOiSjvdt65a5CSVB2NKLQczlnY9qt9Du459Q5FfpWXFeRedwMayrgSucG4E_IyFF94iMEJDFYwQcP-YzmMvbvUj7xcRT628WegaAaqrDv8b4L9FHYw1Eg13WS6iFr9BClwMjlYZSaK1gx7CEViVJIWjg--rbPSQsp5ocN_29AdZz6yMgy3yyI1W0ggECkb08UFEBBZEwD_1-Og7mQpvXQyAhTjoyGJTsHviCNCVt2oFFA5Qv3uAD-H2oIKurIBxp8lAawg59Y5uU-4lNE3y03_pn7Qt7ZUopiVrxgAdLc7FtdreuLsy0vRcssLl3jEXGrNna_IvrrnlxZclUzixGHkLsXiYkDWFlVUerjDbswYH3-crD48VpNIIAWJnOMtfWW-zSGVvh8RsOvf7DPUNPTLtVaxQ0mMci9NFFt--S-v0ev6m0AtxA3XozOSL4lTsmOX_D_OmVsjd3r21fQTKTIRsJtZkJ9M-NLmzvSon56KVbKxxxfAtC3MZ1qll-11fDcP5RIFhphsagIM1jbeMJ1PSluik7sqXq592QrzqxmHqFZYRHEgjk9oNAxDXi1va_ULpghJ_oWRkbakVKd_Sngj1HsqJtbDfQoQgxuDh8I6h8-rh7oZrrCWsaAmehMSPeZ_Y3VuzNnYecZb4Ip0WumlkurX1SpN8lLLqsg6neaJYpUmOWNA4dmaV4scbkCJt00B0HvfjaVt8PVjAO8WAI91Q_C-_EwOHbI3GyRfxp6kwYcaZ-q9ppyBJ0pIV_ltJpRBXPrsya47Yww_VuQnokVQ1JV5KHF0RNy-EwbtnIIPfGrRD_2ct3zGH2NaciS6qRbjjiQrrNH0y9k7dutIeuHPBwuR8JXDkV_0CCRXM8k8L-Hr_Wa37mIOw5UNNDhxzNV3YJ_UWrR1ujxWv3wJijRwIhCh6Ivk44EHXpCM0sy8uv_d4U4SY1tgQDO0MCCTkV4lc8QSOFRkfr6z5lKiMHTBp2sSs.dLU7yj2PB33pQiw2y_qA9A&externalRedirectPath=https%3A%2F%2Fwww.bayut.eg%2F%25D8%25AA%25D9%2581%25D8%25A7%25D8%25B5%25D9%258A%25D9%2584-503976560%2F%25D8%25A7%25D9%2584%25D8%25B9%25D9%2582%25D8%25A7%25D8%25B1.html,
B_goto,234,GET,200,script,text/javascript,38146,234_www_301.f8ebaaac5b64ace0.js_648302.txt,https://www.bayut.eg/assets/301.f8ebaaac5b64ace0.js,
B_goto,234,GET,200,script,text/javascript,54707,234_www_9052.5013986f8d85a59d.js_6f2a8e.txt,https://www.bayut.eg/assets/9052.5013986f8d85a59d.js,
B_goto,234,GET,200,script,text/javascript,11377,234_www_2069.932bbbd93ebabd13.js_010bd9.txt,https://www.bayut.eg/assets/2069.932bbbd93ebabd13.js,
B_goto,234,GET,200,script,text/javascript,7308,234_www_8634.5e0a704ba81a47bd.js_49a7d3.txt,https://www.bayut.eg/assets/8634.5e0a704ba81a47bd.js,
B_goto,234,GET,200,script,text/javascript,471913,,https://www.bayut.eg/assets/8382.acc5c1f2d3526bd4.js,
B_goto,234,GET,200,script,text/javascript,10554,234_www_4804.016d4fa268d58506.js_55c485.txt,https://www.bayut.eg/assets/4804.016d4fa268d58506.js,
B_goto,234,GET,200,script,text/javascript,3668,234_www_5026.6a80b2304baf0929.js_ebbb0d.txt,https://www.bayut.eg/assets/5026.6a80b2304baf0929.js,
B_goto,234,GET,200,script,text/javascript,18525,234_www_3855.a4f4d2be2379dcfd.js_82c070.txt,https://www.bayut.eg/assets/3855.a4f4d2be2379dcfd.js,
B_goto,234,GET,200,script,text/javascript,85187,234_www_4938.bb44bf2427dccaf0.js_108625.txt,https://www.bayut.eg/assets/4938.bb44bf2427dccaf0.js,
B_goto,234,GET,200,script,text/javascript,11274,234_www_2326.9d7a9f9b8c0a9147.js_f4c3ef.txt,https://www.bayut.eg/assets/2326.9d7a9f9b8c0a9147.js,
B_goto,234,GET,200,script,text/javascript,13982,234_www_1931.e3a0c0fe60fb4b86.js_f5ed9a.txt,https://www.bayut.eg/assets/1931.e3a0c0fe60fb4b86.js,
B_goto,234,GET,200,script,text/javascript,2373480,,https://www.bayut.eg/assets/main.desktop.ab48ac7620d442c2.js,
B_goto,234,GET,200,script,text/javascript,153673,234_www_browser.js_70961e.txt,https://www.bayut.eg/.humbucker/clients/browser.js?v=1&client=strat-bayut-eg-production,
B_goto,238,GET,200,script,text/javascript,307108,238_www_8936.ef41244b9a7ebab6.js_b03824.txt,https://www.bayut.eg/assets/8936.ef41244b9a7ebab6.js,
B_goto,238,GET,200,script,text/javascript,6993,238_www_date-fns-ar.ea9f3ab228707b9c.js_88f2a6.txt,https://www.bayut.eg/assets/date-fns-ar.ea9f3ab228707b9c.js,
B_goto,243,GET,200,script,text/javascript,14716,243_www_6439.ad83ed3196c9b783.js_c841fc.txt,https://www.bayut.eg/assets/6439.ad83ed3196c9b783.js,
B_goto,243,GET,200,script,text/javascript,2326,243_www_captchaChallenge.4149ad93f96e333d.js_29dc03.txt,https://www.bayut.eg/assets/captchaChallenge.4149ad93f96e333d.js,
B_goto,243,GET,200,script,application/javascript,665338,,https://www.bayut.eg/metrics/?id=GTM-5C6LD95&l=dataLayer,
B_goto,243,GET,200,script,application/javascript,386769,243_cdn_moe_webSdk.min.latest.js_bef0be.txt,https://cdn.moengage.com/release/dc_1/versions/2/moe_webSdk.min.latest.js,
B_goto,243,GET,200,script,application/javascript,484644,,https://www.bayut.eg/metrics/SI2S9LRV5pck8Ts8wyXCXvsqDF_yTXZFcYYgCFmUKzgq7JC26AC_X1U,
B_goto,243,GET,200,script,application/javascript,596081,,https://www.bayut.eg/metrics/SI3K6bRXyN5S9zhIqie2PIdLEwq_QCdFdYpwVkuWaW196F9V,
B_goto,243,GET,200,script,application/javascript,5043,243_s_core.js_db1f1e.txt,https://s.pinimg.com/ct/core.js,
B_goto,243,GET,200,script,application/javascript,386769,243_cdn_moe_webSdk.min.latest.js_3cde52.txt,https://cdn.moengage.com/release/dc_1/moe_webSdk.min.latest.js,
B_goto,243,GET,200,script,application/javascript,4910,243_tags_bvcCsOvOmDY5XLuGvxDt.js_cb10ce.txt,https://tags.creativecdn.com/bvcCsOvOmDY5XLuGvxDt.js,
B_goto,244,GET,200,script,application/javascript,138912,244_s_main.e47a302d.js_0c6a2a.txt,https://s.pinimg.com/ct/lib/main.e47a302d.js,
B_goto,245,POST,200,fetch,application/json,2,245_ams_v2_882f74.json,https://ams.creativecdn.com/tags/v2?type=json,"{""v"":""v0.2.1"",""sr"":""https://www.bayut.eg/%D8%AA%D9%81%D8%A7%D8%B5%D9%8A%D9%84-503976560/%D8%A7%D9%84%D8%B9%D9%82%D8%A7%D8%B1.html"",""su"":""https://www.bayut.eg/captchaChallenge?hbCO=eyJhbGciOiJkaXIiLCJlbmMiOiJBMjU2R0NNIiwiaGIiOnsicG0iOiJqc0NoYWxsZW5nZSIsImNodSI6Imh0dHBzOi8vaGIuYmF5dXQuZWcifX0..DONVTo-XNqO8Hozf.V_qEkrqLTnOqDW1Y3Gq1TY_SJ7K954nK9QejPahby2W29hhx5TlyKCDtaxjXOy2EOFxnZOCDDQolQxlGGDGhNM6UyUkky3J5f_WjlDKK_vHyDwxGzeXLv88kw7e0YA8piH-o2MDgicgVePnrR-UyRAuhOLqBGSVbv2fYDIczVyWWFMoL6XMbgQz-G55MsTXRxYyLYvX9u7wl6lwuCLxiTBR3Jtm6O9C9JPqHXsN85mdYdgfrOErEgzutY9F-GSVCa9k0ulhD3GoIN5Fljp_Z5lQ66OmFi9wZn2mT_8qYOmwN-5yZ8cHRzPBerQob_4HoXsTeULFP9hQ8rBtxVkART1m21kCI7kleiKjKndU0Vn1as-5N33waMjh_-Rxe00eb3l3bkdqOzU5ogui7y_0qI-HZTKBVdwGFGqVdph4HAHF62UxA-jMQYgEjqTKKLiX9dMCc8Bgbe9TUzpbuBrvogRCzmXZZpFA5LYT5rYhxi73LGDMlzoZggRCn-xsj0IXkOOXjHvO9DSTR08XpOiWw--vKfDprzYIerTvgyQexe_x0ntio1fkWyKK76yB4Sx1MEBObIAvBTeAYm3J75V82KUisYrUUAJw-OMSbk9ThpVDvNHHtuqzd7cgMcKw7BPXtFfEC0cP2XyVMEI-_VukklKl28VHWmzVs_4gUJC7nYyh-8Q8kaJp-u7VakJtqPm4muUy5oI6ndPxPpueUf1nDR4Gz2ZwSloz8_t-5C_88fnmFzEatbVLmzAld5qsnnOB6Vp72twqG8yxGghWP1D47PFrhxwGJ72FTWuaatLett_me3jGTN3s3CzRWkKbMfEFSl1wgKfPjk4i0Vs4-Co6bUGgAb21eohZejhcUZctTzUQlnf8m6C4yMlmO5GPVO7tSXaDAOSzge9vD8aiPPMOHNx-cYan5pe5dB5LkRaB8LDOiJWy_BBL8LhcXA7dtTP8_wum3Cb1d80ql8yYzvrefAmpDFeA4GIu9Pb7_7tcueTgK09X3PPwkFOiSjvdt65a5CSVB2NKLQczlnY9qt9Du459Q5FfpWXFeRedwMayrgSucG4E_IyFF94iMEJDFYwQcP-YzmMvbvUj7xcRT628WegaAaqrDv8b4L9FHYw1Eg13WS6iFr9BClwMjlYZSaK1gx7CEViVJIWjg--rbPSQsp5ocN_29AdZz6yMgy3yyI1W0ggECkb08UFEBBZEwD_1-Og7mQpvXQyAhTjoyGJTsHviCNCVt2oFFA5Qv3uAD-H2oIKurIBxp8lAawg59Y5uU-4lNE3y03_pn7Qt7ZUopiVrxgAdLc7FtdreuLsy0vRcssLl3jEXGrNna_IvrrnlxZclUzixGHkLsXiYkDWFlVUerjDbswYH3-crD48VpNIIAWJnOMtfWW-zSGVvh8RsOvf7DPUNPTLtVaxQ0mMci9NFFt--S-v0ev6m0AtxA3XozOSL4lTsmOX_D_OmVsjd3r21fQTKTIRsJtZkJ9M-NLmzvSon56KVbKxxxfAtC3MZ1qll-11fDcP5RIFhphsagIM1jbeMJ1PSluik7sqXq592QrzqxmHqFZYRHEgjk9oNAxDXi1va_ULpghJ_oWRkbakVKd_Sngj1HsqJtbDfQoQgxuDh8I6h8-rh7oZrrCWsaAmehMSPeZ_Y3VuzNnYecZb4Ip0WumlkurX1SpN8lLLqsg6"
B_goto,246,GET,200,script,application/javascript,337742,246_hcaptcha_api.js_87799d.txt,https://hcaptcha.com/1/api.js?render=explicit&onload=hcaptchaOnLoad,
B_goto,247,GET,200,xhr,application/json,398,247_ct_root_96f83c.json,https://ct.pinterest.com/user/?tid=2613155939643&pd=%7B%22np%22%3A%22gtm%22%2C%22gtm_version%22%3A%22legacy%22%2C%22pin_unauth%22%3A%22dWlkPVpXTXdNbVkwWTJRdE9UTmxNeTAwTkdZNUxXRTRZelF0WVRGa1pHTXhNbUk1WTJFMQ%22%7D&cb=1787412819794&dep=2%2CPAGE_LOAD,
B_goto,248,POST,200,fetch,image/gif,0,,https://ct.pinterest.com/v3/,tid=2613155939643&pd=%7B%22np%22%3A%22gtm%22%2C%22gtm_version%22%3A%22legacy%22%2C%22pin_unauth%22%3A%22dWlkPVpXTXdNbVkwWTJRdE9UTmxNeTAwTkdZNUxXRTRZelF0WVRGa1pHTXhNbUk1WTJFMQ%22%7D&event=init&ad=%7B%22loc%22%3A%22https%3A%2F%2Fwww.bayut.eg%2FcaptchaChallenge%3FhbCO%3DeyJhbGciOiJkaXIiLCJlbmMiOiJBMjU2R0NNIiwiaGIiOnsicG0iOiJqc0NoYWxsZW5nZSIsImNodSI6Imh0dHBzOi8vaGIuYmF5dXQuZWcifX0..DONVTo-XNqO8Hozf.V_qEkrqLTnOqDW1Y3Gq1TY_SJ7K954nK9QejPahby2W29hhx5TlyKCDtaxjXOy2EOFxnZOCDDQolQxlGGDGhNM6UyUkky3J5f_WjlDKK_vHyDwxGzeXLv88kw7e0YA8piH-o2MDgicgVePnrR-UyRAuhOLqBGSVbv2fYDIczVyWWFMoL6XMbgQz-G55MsTXRxYyLYvX9u7wl6lwuCLxiTBR3Jtm6O9C9JPqHXsN85mdYdgfrOErEgzutY9F-GSVCa9k0ulhD3GoIN5Fljp_Z5lQ66OmFi9wZn2mT_8qYOmwN-5yZ8cHRzPBerQob_4HoXsTeULFP9hQ8rBtxVkART1m21kCI7kleiKjKndU0Vn1as-5N33waMjh_-Rxe00eb3l3bkdqOzU5ogui7y_0qI-HZTKBVdwGFGqVdph4HAHF62UxA-jMQYgEjqTKKLiX9dMCc8Bgbe9TUzpbuBrvogRCzmXZZpFA5LYT5rYhxi73LGDMlzoZggRCn-xsj0IXkOOXjHvO9DSTR08XpOiWw--vKfDprzYIerTvgyQexe_x0ntio1fkWyKK76yB4Sx1MEBObIAvBTeAYm3J75V82KUisYrUUAJw-OMSbk9ThpVDvNHHtuqzd7cgMcKw7BPXtFfEC0cP2XyVMEI-_VukklKl28VHWmzVs_4gUJC7nYyh-8Q8kaJp-u7VakJtqPm4muUy5oI6ndPxPpueUf1nDR4Gz2ZwSloz8_t-5C_88fnmFzEatbVLmzAld5qsnnOB6Vp72twqG8yxGghWP1D47PFrhxwGJ72FTWuaatLett_me3jGTN3s3CzRWkKbMfEFSl1wgKfPjk4i0Vs4-Co6bUGgAb21eohZejhcUZctTzUQlnf8m6C4yMlmO5GPVO7tSXaDAOSzge9vD8aiPPMOHNx-cYan5pe5dB5LkRaB8LDOiJWy_BBL8LhcXA7dtTP8_wum3Cb1d80ql8yYzvrefAmpDFeA4GIu9Pb7_7tcueTgK09X3PPwkFOiSjvdt65a5CSVB2NKLQczlnY9qt9Du459Q5FfpWXFeRedwMayrgSucG4E_IyFF94iMEJDFYwQcP-YzmMvbvUj7xcRT628WegaAaqrDv8b4L9FHYw1Eg13WS6iFr9BClwMjlYZSaK1gx7CEViVJIWjg--rbPSQsp5ocN_29AdZz6yMgy3yyI1W0ggECkb08UFEBBZEwD_1-Og7mQpvXQyAhTjoyGJTsHviCNCVt2oFFA5Qv3uAD-H2oIKurIBxp8lAawg59Y5uU-4lNE3y03_pn7Qt7ZUopiVrxgAdLc7FtdreuLsy0vRcssLl3jEXGrNna_IvrrnlxZclUzixGHkLsXiYkDWFlVUerjDbswYH3-crD48VpNIIAWJnOMtfWW-zSGVvh8RsOvf7DPUNPTLtVaxQ0mMci9NFFt--S-v0ev6m0AtxA3XozOSL4lTsmOX_D_OmVsjd3r21fQTKTIRsJtZkJ9M-NLmzvSon56KVbKxxxfAtC3MZ1qll-11fDcP5RIFhphsagIM1jbeMJ1PSluik7sqXq592QrzqxmHqFZYRHEgjk9oNAxDXi1va_ULpghJ_oWRkbak
B_goto,251,GET,200,xhr,application/json,14229,251_newassets_ar.json_ec6966.json,https://newassets.hcaptcha.com/captcha/v1/1dab630d2576352c6ab33820f3c19d7400cd0955/static/i18n/ar.json,
B_goto,252,GET,200,fetch,image/png,0,,https://481170fd3c29.w.hcaptcha.com/logo.png,
B_goto,252,GET,200,document,text/html,607707,252_newassets_hcaptcha.html_173b44.txt,https://newassets.hcaptcha.com/captcha/v1/1dab630d2576352c6ab33820f3c19d7400cd0955/static/hcaptcha.html,
B_goto,252,GET,200,document,text/html,607707,252_newassets_hcaptcha.html_173b44.txt,https://newassets.hcaptcha.com/captcha/v1/1dab630d2576352c6ab33820f3c19d7400cd0955/static/hcaptcha.html,
B_goto,254,GET,200,script,application/javascript,4193,254_ct_token_create.js_2d22cc.txt,https://ct.pinterest.com/static/ct/token_create.js,
B_goto,254,GET,200,document,text/html,565,254_ct_ct.html_9806b3.txt,https://ct.pinterest.com/ct.html,
B_goto,255,POST,200,xhr,application/json,822,255_api_checksiteconfig_ad1019.json,https://api.hcaptcha.com/checksiteconfig?v=1dab630d2576352c6ab33820f3c19d7400cd0955&host=www.bayut.eg&sitekey=a9d03f0c-596c-4b98-a8ea-d266cd88dabc&sc=1&swa=1&spst=1,
B_goto,256,GET,200,fetch,image/png,0,,https://c9c86af0acfb.w.hcaptcha.com/logo.png,
B_goto,257,GET,200,other,image/png,0,,https://www.bayut.eg/assets/favicon-32x32.199e55d52c6c29b4.png,
